date,closeprice
2009-1-5,4206.132
2009-1-6,4343.837
2009-1-7,4320.303
2009-1-8,4215.871
2009-1-9,4280.922
2009-1-12,4284.446
2009-1-13,4189.168
2009-1-14,4369.673
2009-1-15,4368.184
2009-1-16,4454.613
2009-1-19,4511.934
2009-1-20,4540.788
2009-1-21,4535.698
2009-1-22,4581.084
2009-1-23,4553.421
2009-2-2,4605.108
2009-2-3,4716.887
2009-2-4,4847.636
2009-2-5,4819.504
2009-2-6,5004.914
2009-2-9,5119.075
2009-2-10,5167.509
2009-2-11,5178.891
2009-2-12,5132.505
2009-2-13,5307.009
2009-2-16,5463.06
2009-2-17,5300.168
2009-2-18,5052.962
2009-2-19,5087.167
2009-2-20,5173.773
2009-2-23,5306.163
2009-2-24,5047.37
2009-2-25,5077.536
2009-2-26,4842.075
2009-2-27,4750.614
2009-3-2,4788.346
2009-3-3,4723.287
2009-3-4,5041.169
2009-3-5,5095.432
2009-3-6,5044.58
2009-3-9,4861.194
2009-3-10,4953.624
2009-3-11,4910.83
2009-3-12,4900.848
2009-3-13,4884.881
2009-3-16,4968.886
2009-3-17,5135.193
2009-3-18,5147.964
2009-3-19,5260.266
2009-3-20,5251.18
2009-3-23,5384.489
2009-3-24,5409.5
2009-3-25,5303.598
2009-3-26,5493.878
2009-3-27,5541.963
2009-3-30,5513.341
2009-3-31,5569.988
2009-4-1,5652.376
2009-4-2,5711.774
2009-4-3,5713.804
2009-4-7,5730.983
2009-4-8,5510.262
2009-4-9,5601.029
2009-4-10,5770.979
2009-4-13,5908.824
2009-4-14,5943.127
2009-4-15,5958.56
2009-4-16,5952.632
2009-4-17,5876.292
2009-4-20,6001.728
2009-4-21,5934.381
2009-4-22,5721.759
2009-4-23,5752.007
2009-4-24,5704.602
2009-4-27,5581.659
2009-4-28,5588.041
2009-4-29,5795.993
2009-4-30,5819.492
2009-5-4,6015.084
2009-5-5,6040.461
2009-5-6,6117.872
2009-5-7,6135.951
2009-5-8,6192.072
2009-5-11,6067.336
2009-5-12,6195.592
2009-5-13,6252.087
2009-5-14,6193.404
2009-5-15,6199.027
2009-5-18,6226.093
2009-5-19,6290.882
2009-5-20,6218.437
2009-5-21,6083.492
2009-5-22,6063.584
2009-5-25,6084.046
2009-5-26,6013.654
2009-5-27,6115.651
2009-6-1,6357.064
2009-6-2,6364.619
2009-6-3,6546.308
2009-6-4,6582.52
2009-6-5,6548.756
2009-6-8,6587.962
2009-6-9,6606.267
2009-6-10,6663.901
2009-6-11,6609.547
2009-6-12,6485.021
2009-6-15,6622.121
2009-6-16,6601.473
2009-6-17,6702.333
2009-6-18,6823.614
2009-6-19,6877.425
2009-6-22,6893.007
2009-6-23,6903.668
2009-6-24,6960.8
2009-6-25,6953.043
2009-6-26,6980.374
2009-6-29,7097.232
2009-6-30,7073.513
2009-7-1,7241.982
2009-7-2,7357.081
2009-7-3,7446.176
2009-7-6,7543.571
2009-7-7,7453.415
2009-7-8,7459.767
2009-7-9,7552.344
2009-7-10,7538.835
2009-7-13,7425.473
2009-7-14,7644.593
2009-7-15,7738.153
2009-7-16,7767.731
2009-7-17,7804.079
2009-7-20,7960.873
2009-7-21,7852.18
2009-7-22,8013.086
2009-7-23,8120.181
2009-7-24,8170.5
2009-7-27,8349.425
2009-7-28,8356.275
2009-7-29,7924.389
2009-7-30,8112.103
2009-7-31,8322.987
2009-8-3,8421.724
2009-8-4,8401.154
2009-8-5,8282.559
2009-8-6,8108.719
2009-8-7,7891.406
2009-8-10,7852.405
2009-8-11,7866.627
2009-8-12,7512.042
2009-8-13,7609.548
2009-8-14,7396.977
2009-8-17,6954.664
2009-8-18,7014.135
2009-8-19,6652.392
2009-8-20,6950.731
2009-8-21,7076.875
2009-8-24,7114.006
2009-8-25,6832.33
2009-8-26,6952.44
2009-8-27,6918.144
2009-8-28,6679.189
2009-8-31,6214.531
2009-9-1,6259.513
2009-9-2,6378.146
2009-9-3,6723.12
2009-9-4,6773.136
2009-9-7,6829.972
2009-9-8,6973.279
2009-9-9,7015.531
2009-9-10,6949.155
2009-9-11,7137.968
2009-9-14,7239.528
2009-9-15,7252.064
2009-9-16,7140.294
2009-9-17,7281.83
2009-9-18,7016.719
2009-9-21,7019.39
2009-9-22,6843.2
2009-9-23,6703.817
2009-9-24,6770.802
2009-9-25,6723.841
2009-9-28,6525.983
2009-9-29,6537.665
2009-9-30,6606.556
2009-10-9,6959.877
2009-10-12,6924.996
2009-10-13,7034.343
2009-10-14,7101.077
2009-10-15,7127.858
2009-10-16,7131.61
2009-10-19,7309.502
2009-10-20,7420.34
2009-10-21,7394.811
2009-10-22,7344.56
2009-10-23,7495.707
2009-10-26,7498.116
2009-10-27,7281.064
2009-10-28,7293.993
2009-10-29,7110.82
2009-10-30,7186.205
2009-11-2,7435.936
2009-11-3,7526.901
2009-11-4,7570.566
2009-11-5,7595.207
2009-11-6,7631.618
2009-11-9,7655.548
2009-11-10,7662.873
2009-11-11,7640.436
2009-11-12,7642.349
2009-11-13,7687.762
2009-11-16,7924.504
2009-11-17,7936.096
2009-11-18,7943.544
2009-11-19,7960.399
2009-11-20,7923.153
2009-11-23,7988.031
2009-11-24,7739.134
2009-11-25,7905.968
2009-11-26,7588.005
2009-11-27,7360.041
2009-11-30,7621.678
2009-12-1,7717.324
2009-12-2,7800.557
2009-12-3,7780.79
2009-12-4,7939.924
2009-12-7,7981.561
2009-12-8,7869.648
2009-12-9,7699.943
2009-12-10,7745.344
2009-12-11,7735.799
2009-12-14,7836.1
2009-12-15,7766.57
2009-12-16,7728.291
2009-12-17,7557.619
2009-12-18,7387.668
2009-12-21,7380.78
2009-12-22,7181.409
2009-12-23,7235.876
2009-12-24,7440.395
2009-12-25,7393.675
2009-12-28,7513.674
2009-12-29,7569.117
2009-12-30,7726.04
2009-12-31,7762.924
2010-1-4,7666.871
2010-1-5,7748.25
2010-1-6,7685.764
2010-1-7,7534.622
2010-1-8,7552.978
2010-1-11,7573.991
2010-1-12,7678.747
2010-1-13,7404.467
2010-1-14,7500.604
2010-1-15,7524.849
2010-1-18,7549.109
2010-1-19,7573.112
2010-1-20,7332.717
2010-1-21,7374.973
2010-1-22,7322.53
2010-1-25,7231.321
2010-1-26,7061.153
2010-1-27,6949.907
2010-1-28,6949.703
2010-1-29,6935.844
2010-2-1,6821.526
2010-2-2,6815.862
2010-2-3,7002.043
2010-2-4,6977.125
2010-2-5,6835.457
2010-2-8,6822.774
2010-2-9,6868.984
2010-2-10,6959.35
2010-2-11,6970.363
2010-2-12,7041.009
2010-2-22,7001.1
2010-2-23,6915.518
2010-2-24,7004.429
2010-2-25,7106.672
2010-2-26,7081.673
2010-3-1,7181.837
2010-3-2,7150.748
2010-3-3,7202.162
2010-3-4,7023.345
2010-3-5,7046.301
2010-3-8,7103.521
2010-3-9,7149.237
2010-3-10,7099.887
2010-3-11,7100.465
2010-3-12,7011.035
2010-3-15,6910.404
2010-3-16,6965.217
2010-3-17,7112.322
2010-3-18,7094.973
2010-3-19,7147.658
2010-3-22,7172.804
2010-3-23,7105.476
2010-3-24,7106.273
2010-3-25,7006.783
2010-3-26,7112.81
2010-3-29,7305.071
2010-3-30,7320.279
2010-3-31,7276.19
2010-4-1,7369.613
2010-4-2,7390.66
2010-4-6,7387.908
2010-4-7,7342.267
2010-4-8,7249.547
2010-4-9,7318.565
2010-4-12,7253.978
2010-4-13,7361.056
2010-4-14,7377.217
2010-4-15,7366.943
2010-4-16,7269.362
2010-4-19,6888.664
2010-4-20,6882.447
2010-4-21,7012.158
2010-4-22,6915.721
2010-4-23,6889.781
2010-4-26,6852.808
2010-4-27,6724.503
2010-4-28,6697.133
2010-4-29,6634.185
2010-4-30,6673.536
2010-5-4,6559.788
2010-5-5,6590.26
2010-5-6,6283.583
2010-5-7,6167.878
2010-5-10,6226.644
2010-5-11,6097.324
2010-5-12,6151.038
2010-5-13,6292.291
2010-5-14,6245.933
2010-5-17,5925.657
2010-5-18,6045.626
2010-5-19,6020.743
2010-5-20,5926.614
2010-5-21,6000.255
2010-5-24,6222.457
2010-5-25,6088.977
2010-5-26,6090.141
2010-5-27,6183.99
2010-5-28,6159.454
2010-5-31,5993.659
2010-6-1,5934.632
2010-6-2,5953.809
2010-6-3,5906.842
2010-6-4,5916.646
2010-6-7,5805.951
2010-6-8,5802.674
2010-6-9,5986.5
2010-6-10,5907.654
2010-6-11,5931.616
2010-6-17,5909.105
2010-6-18,5829.98
2010-6-21,6015.626
2010-6-22,6015.63
2010-6-23,5958.498
2010-6-24,5954.3
2010-6-25,5930.552
2010-6-28,5894.918
2010-6-29,5631.784
2010-6-30,5574.226
2010-7-1,5503.485
2010-7-2,5529.347
2010-7-5,5475.95
2010-7-6,5577.359
2010-7-7,5603.926
2010-7-8,5595.712
2010-7-9,5735.068
2010-7-12,5796.112
2010-7-13,5702.157
2010-7-14,5752.949
2010-7-15,5646.212
2010-7-16,5653.425
2010-7-19,5790.621
2010-7-20,5908.504
2010-7-21,5924.119
2010-7-22,5994.827
2010-7-23,6020.535
2010-7-26,6050.502
2010-7-27,6011.176
2010-7-28,6159.354
2010-7-29,6193.987
2010-7-30,6175.076
2010-8-2,6268.694
2010-8-3,6158.892
2010-8-4,6180.102
2010-8-5,6116.201
2010-8-6,6210.728
2010-8-9,6252.976
2010-8-10,6071.088
2010-8-11,6102.84
2010-8-12,6029.878
2010-8-13,6097.239
2010-8-16,6230.407
2010-8-17,6266.722
2010-8-18,6252.152
2010-8-19,6297.051
2010-8-20,6183.345
2010-8-23,6175.447
2010-8-24,6190.433
2010-8-25,6043.043
2010-8-26,6053.142
2010-8-27,6069.812
2010-8-30,6174.544
2010-8-31,6131.263
2010-9-1,6090.117
2010-9-2,6165.185
2010-9-3,6152.976
2010-9-6,6281.109
2010-9-7,6290.308
2010-9-8,6269.573
2010-9-9,6154.574
2010-9-10,6150.683
2010-9-13,6196.885
2010-9-14,6204.21
2010-9-15,6106.07
2010-9-16,5995.035
2010-9-17,5991.277
2010-9-20,5971.388
2010-9-21,5983.426
2010-9-27,6071.405
2010-9-28,6020.503
2010-9-29,6021.471
2010-9-30,6150.932
2010-10-8,6382.688
2010-10-11,6592.487
2010-10-12,6682.939
2010-10-13,6779.061
2010-10-14,6832.539
2010-10-15,7085.048
2010-10-18,7047.009
2010-10-19,7185.058
2010-10-20,7219.043
2010-10-21,7140.172
2010-10-22,7125.941
2010-10-25,7330.639
2010-10-26,7288.863
2010-10-27,7158.381
2010-10-28,7140.752
2010-10-29,7075.839
2010-11-1,7260.474
2010-11-2,7243.686
2010-11-3,7187.879
2010-11-4,7306.049
2010-11-5,7396.205
2010-11-8,7453.793
2010-11-9,7388.53
2010-11-10,7309.104
2010-11-11,7356.863
2010-11-12,6927.181
2010-11-15,6960.572
2010-11-16,6660.509
2010-11-17,6547.15
2010-11-18,6626.844
2010-11-19,6670.999
2010-11-22,6642.051
2010-11-23,6498.637
2010-11-24,6620.288
2010-11-25,6721.884
2010-11-26,6656.236
2010-11-29,6640.801
2010-11-30,6532.938
2010-12-1,6539.736
2010-12-2,6578.967
2010-12-3,6591.849
2010-12-6,6630.285
2010-12-7,6689.388
2010-12-8,6617.841
2010-12-9,6529.475
2010-12-10,6611.855
2010-12-13,6809.759
2010-12-14,6818.345
2010-12-15,6770.968
2010-12-16,6729.119
2010-12-17,6718.86
2010-12-20,6614.121
2010-12-21,6766.335
2010-12-22,6692.912
2010-12-23,6650.921
2010-12-24,6607.148
2010-12-27,6482.702
2010-12-28,6375.939
2010-12-29,6402.715
2010-12-30,6400.125
2010-12-31,6517.595
2011-1-4,6651.797
2011-1-5,6625.325
2011-1-6,6589.212
2011-1-7,6621.007
2011-1-10,6507.359
2011-1-11,6556.502
2011-1-12,6606.101
2011-1-13,6598.464
2011-1-14,6489.148
2011-1-17,6261.718
2011-1-18,6264.106
2011-1-19,6392.523
2011-1-20,6187.471
2011-1-21,6281.069
2011-1-24,6229.826
2011-1-25,6202.753
2011-1-26,6283.106
2011-1-27,6375.473
2011-1-28,6381.938
2011-1-31,6464.507
2011-2-1,6469.963
2011-2-9,6395.181
2011-2-10,6509.924
2011-2-11,6531.503
2011-2-14,6734.991
2011-2-15,6730.239
2011-2-16,6776.59
2011-2-17,6770.875
2011-2-18,6706.877
2011-2-21,6779.67
2011-2-22,6583.614
2011-2-23,6611.37
2011-2-24,6648.905
2011-2-25,6657.214
2011-2-28,6730.26
2011-3-1,6770.839
2011-3-2,6758.054
2011-3-3,6742.74
2011-3-4,6845.297
2011-3-7,6982.673
2011-3-8,6992.454
2011-3-9,6991.374
2011-3-10,6851.23
2011-3-11,6780.01
2011-3-14,6795.976
2011-3-15,6672.593
2011-3-16,6775.077
2011-3-17,6677.23
2011-3-18,6717.324
2011-3-21,6708.739
2011-3-22,6751.228
2011-3-23,6835.418
2011-3-24,6805.57
2011-3-25,6898.468
2011-3-28,6911.162
2011-3-29,6865.191
2011-3-30,6860.765
2011-3-31,6791.109
2011-4-1,6911.709
2011-4-6,7020.273
2011-4-7,7032.457
2011-4-8,7084.289
2011-4-11,7045.524
2011-4-12,7031.016
2011-4-13,7129.132
2011-4-14,7088.422
2011-4-15,7113.246
2011-4-18,7113.09
2011-4-19,6959.239
2011-4-20,6962.507
2011-4-21,7014.967
2011-4-22,6978.627
2011-4-25,6875.08
2011-4-26,6840.376
2011-4-27,6802.623
2011-4-28,6723.747
2011-4-29,6772.456
2011-5-3,6802.653
2011-5-4,6627.847
2011-5-5,6616.952
2011-5-6,6596.464
2011-5-9,6608.695
2011-5-10,6662.804
2011-5-11,6640.409
2011-5-12,6546.905
2011-5-13,6613.141
2011-5-16,6551.458
2011-5-17,6587.539
2011-5-18,6640.378
2011-5-19,6597.365
2011-5-20,6604.266
2011-5-23,6403.908
2011-5-24,6414.21
2011-5-25,6337.621
2011-5-26,6323.902
2011-5-27,6295.422
2011-5-30,6280.802
2011-5-31,6377.666
2011-6-1,6373.423
2011-6-2,6262.488
2011-6-3,6318.307
2011-6-7,6353.324
2011-6-8,6355.022
2011-6-9,6239.587
2011-6-10,6258.204
2011-6-13,6235.809
2011-6-14,6322.687
2011-6-15,6259.264
2011-6-16,6169.1
2011-6-17,6114.683
2011-6-20,6084.407
2011-6-21,6148.934
2011-6-22,6145.448
2011-6-23,6239.591
2011-6-24,6391.364
2011-6-27,6406.771
2011-6-28,6413.479
2011-6-29,6317.665
2011-6-30,6407.893
2011-7-1,6410.648
2011-7-4,6564.439
2011-7-5,6568.254
2011-7-6,6541.212
2011-7-7,6508.48
2011-7-8,6525.779
2011-7-11,6523.251
2011-7-12,6393.385
2011-7-13,6497.278
2011-7-14,6522.609
2011-7-15,6547.059
2011-7-18,6534.024
2011-7-19,6481.292
2011-7-20,6467.143
2011-7-21,6389.859
2011-7-22,6403.99
2011-7-25,6199.028
2011-7-26,6217.252
2011-7-27,6252.939
2011-7-28,6203.892
2011-7-29,6204.376
2011-8-1,6214.316
2011-8-2,6163.361
2011-8-3,6159.196
2011-8-4,6171.91
2011-8-5,6031.695
2011-8-8,5816.442
2011-8-9,5828.416
2011-8-10,5876.711
2011-8-11,5964.661
2011-8-12,5973.989
2011-8-15,6069.995
2011-8-16,6032.323
2011-8-17,6011.754
2011-8-18,5901.705
2011-8-19,5839.84
2011-8-22,5785.157
2011-8-23,5881.371
2011-8-24,5850.022
2011-8-25,6057.696
2011-8-26,6052.203
2011-8-29,5943.44
2011-8-30,5925.804
2011-8-31,5936.761
2011-9-1,5914.07
2011-9-2,5849.857
2011-9-5,5730.952
2011-9-6,5703.248
2011-9-7,5818.308
2011-9-8,5767.937
2011-9-9,5764.664
2011-9-13,5701.091
2011-9-14,5729.21
2011-9-15,5712.281
2011-9-16,5722.525
2011-9-19,5607.142
2011-9-20,5633.749
2011-9-21,5808.053
2011-9-22,5623.729
2011-9-23,5599
2011-9-26,5463.81
2011-9-27,5523.961
2011-9-28,5462.804
2011-9-29,5420.102
2011-9-30,5402.768
2011-10-10,5353.83
2011-10-11,5359.401
2011-10-12,5563.476
2011-10-13,5598.889
2011-10-14,5584.443
2011-10-17,5609.525
2011-10-18,5450.987
2011-10-19,5444.922
2011-10-20,5327.531
2011-10-21,5313.857
2011-10-24,5469.123
2011-10-25,5560.728
2011-10-26,5611.91
2011-10-27,5630.291
2011-10-28,5735.241
2011-10-31,5704.493
2011-11-1,5713.103
2011-11-2,5811.537
2011-11-3,5805.297
2011-11-4,5848.649
2011-11-7,5788.289
2011-11-8,5773.102
2011-11-9,5820.512
2011-11-10,5698.582
2011-11-11,5692.419
2011-11-14,5809.66
2011-11-15,5796.092
2011-11-16,5632.714
2011-11-17,5611.45
2011-11-18,5503.553
2011-11-21,5509.273
2011-11-22,5507.965
2011-11-23,5447.4
2011-11-24,5457.988
2011-11-25,5417.196
2011-11-28,5422.244
2011-11-29,5498.016
2011-11-30,5315.461
2011-12-1,5455.71
2011-12-2,5407.433
2011-12-5,5351.62
2011-12-6,5336.895
2011-12-7,5369.204
2011-12-8,5364.817
2011-12-9,5323.361
2011-12-12,5273.061
2011-12-13,5152.475
2011-12-14,5105.002
2011-12-15,4982.208
2011-12-16,5084.245
2011-12-19,5071.067
2011-12-20,5056.792
2011-12-21,4982.737
2011-12-22,4986.391
2011-12-23,5024.677
2011-12-26,4975.945
2011-12-27,4925.611
2011-12-28,4934.79
2011-12-29,4938.936
2011-12-30,5009.285
2012-1-4,4923.873
2012-1-5,4893.925
2012-1-6,4931.612
2012-1-9,5096.762
2012-1-10,5252.781
2012-1-11,5222.382
2012-1-12,5234.399
2012-1-13,5161.343
2012-1-16,5067.766
2012-1-17,5310.623
2012-1-18,5234.837
2012-1-19,5336.068
2012-1-20,5405.799
2012-1-30,5315.594
2012-1-31,5321.344
2012-2-1,5238.752
2012-2-2,5370.137
2012-2-3,5411.966
2012-2-6,5400.256
2012-2-7,5302.91
2012-2-8,5451.61
2012-2-9,5451.416
2012-2-10,5457.077
2012-2-13,5447.125
2012-2-14,5421.854
2012-2-15,5474.868
2012-2-16,5445.258
2012-2-17,5452.497
2012-2-20,5461.907
2012-2-21,5504.684
2012-2-22,5567.566
2012-2-23,5582.31
2012-2-24,5668.822
2012-2-27,5683.642
2012-2-28,5706.492
2012-2-29,5649.047
2012-3-1,5643.441
2012-3-2,5734.665
2012-3-5,5693.94
2012-3-6,5598.934
2012-3-7,5556.021
2012-3-8,5628.611
2012-3-9,5678.843
2012-3-12,5649.829
2012-3-13,5705.166
2012-3-14,5555.102
2012-3-15,5504.548
2012-3-16,5576.321
2012-3-19,5588.079
2012-3-20,5498.686
2012-3-21,5510.855
2012-3-22,5506.606
2012-3-23,5450.022
2012-3-26,5450.044
2012-3-27,5442.401
2012-3-28,5296.26
2012-3-29,5224.63
2012-3-30,5262.412
2012-4-5,5372.759
2012-4-6,5379.55
2012-4-9,5326.701
2012-4-10,5380.74
2012-4-11,5378.362
2012-4-12,5487.773
2012-4-13,5510.289
2012-4-16,5500.2
2012-4-17,5431.205
2012-4-18,5557.259
2012-4-19,5554.611
2012-4-20,5627.794
2012-4-23,5585.416
2012-4-24,5595.8
2012-4-25,5635.666
2012-4-26,5640.916
2012-4-27,5630.8
2012-5-2,5748.685
2012-5-3,5760.972
2012-5-4,5807.639
2012-5-7,5800.73
2012-5-8,5787.828
2012-5-9,5684.508
2012-5-10,5687.291
2012-5-11,5641.498
2012-5-14,5596.068
2012-5-15,5598.933
2012-5-16,5515.181
2012-5-17,5601.945
2012-5-18,5519.847
2012-5-21,5544.463
2012-5-22,5624.787
2012-5-23,5598.713
2012-5-24,5562.739
2012-5-25,5519.79
2012-5-28,5596.082
2012-5-29,5677.531
2012-5-30,5661.268
2012-5-31,5632.061
2012-6-1,5636.456
2012-6-4,5476.18
2012-6-5,5479.895
2012-6-6,5483.247
2012-6-7,5450.958
2012-6-8,5406.556
2012-6-11,5472.799
2012-6-12,5431.342
2012-6-13,5518.21
2012-6-14,5472.294
2012-6-15,5498.33
2012-6-18,5520.012
2012-6-19,5479.618
2012-6-20,5467.598
2012-6-21,5379.319
2012-6-25,5267.786
2012-6-26,5261.356
2012-6-27,5244.025
2012-6-28,5194.787
2012-6-29,5279.948
2012-7-2,5277.588
2012-7-3,5282.907
2012-7-4,5282.495
2012-7-5,5211.482
2012-7-6,5279.591
2012-7-9,5147.82
2012-7-10,5127.893
2012-7-11,5160.51
2012-7-12,5197.465
2012-7-13,5200.095
2012-7-16,5102.612
2012-7-17,5141.138
2012-7-18,5148.59
2012-7-19,5175.593
2012-7-20,5128.499
2012-7-23,5056.309
2012-7-24,5071.819
2012-7-25,5044.36
2012-7-26,5021.012
2012-7-27,5025.832
2012-7-30,4995.179
2012-7-31,4996.967
2012-8-1,5048.258
2012-8-2,5004.628
2012-8-3,5039.677
2012-8-6,5103.043
2012-8-7,5103.073
2012-8-8,5109.881
2012-8-9,5149.373
2012-8-10,5126.367
2012-8-13,5022.589
2012-8-14,5029.752
2012-8-15,4961.331
2012-8-16,4939.779
2012-8-17,4939.248
2012-8-20,4912.756
2012-8-21,4936.873
2012-8-22,4906.888
2012-8-23,4924.823
2012-8-24,4881.867
2012-8-27,4777.984
2012-8-28,4809.86
2012-8-29,4760.078
2012-8-30,4767.392
2012-8-31,4750.228
2012-9-3,4790.893
2012-9-4,4744.254
2012-9-5,4729.703
2012-9-6,4772.211
2012-9-7,4981.236
2012-9-10,4993.057
2012-9-11,4956.271
2012-9-12,4972.245
2012-9-13,4928.667
2012-9-14,4969.803
2012-9-17,4854.963
2012-9-18,4803.258
2012-9-19,4826.119
2012-9-20,4727.471
2012-9-21,4738.25
2012-9-24,4766.317
2012-9-25,4755.921
2012-9-26,4706.912
2012-9-27,4849.374
2012-9-28,4934.33
2012-10-8,4891.739
2012-10-9,4994.404
2012-10-10,4994.625
2012-10-11,4953.103
2012-10-12,4961.488
2012-10-15,4942.543
2012-10-16,4949.344
2012-10-17,4957.571
2012-10-18,5027.758
2012-10-19,5016.006
2012-10-22,5035.067
2012-10-23,4975.883
2012-10-24,4969.871
2012-10-25,4935.496
2012-10-26,4846.165
2012-10-29,4814.171
2012-10-30,4825.207
2012-10-31,4857.81
2012-11-1,4951.395
2012-11-2,4976.485
2012-11-5,4966.868
2012-11-6,4949.025
2012-11-7,4940.259
2012-11-8,4852.24
2012-11-9,4845.3
2012-11-12,4875.601
2012-11-13,4791.647
2012-11-14,4814.57
2012-11-15,4750.577
2012-11-16,4717.998
2012-11-19,4719.997
2012-11-20,4692.073
2012-11-21,4760.682
2012-11-22,4729.116
2012-11-23,4765.29
2012-11-26,4740.281
2012-11-27,4687.303
2012-11-28,4644.51
2012-11-29,4612.281
2012-11-30,4666.736
2012-12-3,4612.05
2012-12-4,4659.507
2012-12-5,4826.022
2012-12-6,4819.413
2012-12-7,4921.271
2012-12-10,4975.482
2012-12-11,4946.003
2012-12-12,4973.101
2012-12-13,4914.985
2012-12-14,5178.748
2012-12-17,5205.161
2012-12-18,5216.133
2012-12-19,5213.713
2012-12-20,5244.724
2012-12-21,5206.131
2012-12-24,5230.142
2012-12-25,5379.468
2012-12-26,5390.899
2012-12-27,5353.807
2012-12-28,5441.327
2012-12-31,5550.086
2013-1-4,5567.779
2013-1-7,5597.803
2013-1-8,5556.077
2013-1-9,5548.798
2013-1-10,5557.171
2013-1-11,5444.556
2013-1-14,5657.702
2013-1-15,5689.274
2013-1-16,5638.799
2013-1-17,5581.203
2013-1-18,5679.319
2013-1-21,5702.962
2013-1-22,5677.686
2013-1-23,5703.401
2013-1-24,5656.225
2013-1-25,5630.489
2013-1-28,5816.994
2013-1-29,5876.057
2013-1-30,5900.777
2013-1-31,5910.274
2013-2-1,6053.896
2013-2-4,6075.377
2013-2-5,6106.81
2013-2-6,6121.481
2013-2-7,6063.113
2013-2-8,6070.066
2013-2-18,5998.696
2013-2-19,5894.3
2013-2-20,5916.212
2013-2-21,5698.556
2013-2-22,5665.463
2013-2-25,5686.451
2013-2-26,5604.236
2013-2-27,5665.885
2013-2-28,5845.608
2013-3-1,5823.469
2013-3-4,5544.788
2013-3-5,5736.704
2013-3-6,5796.088
2013-3-7,5715.301
2013-3-8,5700.73
2013-3-11,5656.434
2013-3-12,5576.139
2013-3-13,5513.697
2013-3-14,5523.91
2013-3-15,5535.941
2013-3-18,5447.194
2013-3-19,5505.523
2013-3-20,5701.663
2013-3-21,5704.66
2013-3-22,5712.458
2013-3-25,5701.78
2013-3-26,5606.298
2013-3-27,5627.677
2013-3-28,5420.684
2013-3-29,5421.62
2013-4-1,5407.042
2013-4-2,5395.566
2013-4-3,5396.673
2013-4-8,5360.261
2013-4-9,5404.181
2013-4-10,5399.792
2013-4-11,5384.824
2013-4-12,5351.094
2013-4-15,5304.143
2013-4-16,5350.888
2013-4-17,5336.691
2013-4-18,5354.406
2013-4-19,5514.137
2013-4-22,5506.466
2013-4-23,5324.885
2013-4-24,5430.162
2013-4-25,5377.909
2013-4-26,5337.289
2013-5-2,5337.231
2013-5-3,5436.015
2013-5-6,5503.918
2013-5-7,5511.786
2013-5-8,5534.224
2013-5-9,5494.771
2013-5-10,5527.421
2013-5-13,5504.712
2013-5-14,5431.41
2013-5-15,5458.52
2013-5-16,5553.845
2013-5-17,5635.414
2013-5-20,5679.902
2013-5-21,5671.193
2013-5-22,5681.422
2013-5-23,5595.918
2013-5-24,5621.361
2013-5-27,5632.272
2013-5-28,5738.045
2013-5-29,5726.614
2013-5-30,5707.665
2013-5-31,5649.973
2013-6-3,5641.52
2013-6-4,5568.605
2013-6-5,5548.369
2013-6-6,5476.641
2013-6-7,5390.747
2013-6-13,5212.664
2013-6-14,5241.382
2013-6-17,5213.816
2013-6-18,5248.213
2013-6-19,5204.116
2013-6-20,5037.878
2013-6-21,5029.963
2013-6-24,4714.402
2013-6-25,4712.931
2013-6-26,4696.357
2013-6-27,4693.582
2013-6-28,4788.852
2013-7-1,4805.55
2013-7-2,4813.091
2013-7-3,4767.344
2013-7-4,4802.127
2013-7-5,4810.558
2013-7-8,4680.495
2013-7-9,4681.129
2013-7-10,4811.885
2013-7-11,5052.379
2013-7-12,4931.555
2013-7-15,4996.438
2013-7-16,5015.347
2013-7-17,4941.933
2013-7-18,4861.823
2013-7-19,4748.234
2013-7-22,4772.314
2013-7-23,4899.392
2013-7-24,4855.803
2013-7-25,4836.909
2013-7-26,4812.076
2013-7-29,4705.984
2013-7-30,4740.781
2013-7-31,4749.835
2013-8-1,4859.212
2013-8-2,4858.204
2013-8-5,4917.163
2013-8-6,4936.884
2013-8-7,4910.575
2013-8-8,4891.502
2013-8-9,4914.551
2013-8-12,5070.218
2013-8-13,5089.097
2013-8-14,5065.245
2013-8-15,5011.835
2013-8-16,4985.79
2013-8-19,5037.698
2013-8-20,4996.789
2013-8-21,4987.556
2013-8-22,4974.941
2013-8-23,4936.621
2013-8-26,5043.838
2013-8-27,5058.404
2013-8-28,5036.739
2013-8-29,5019.186
2013-8-30,5013.334
2013-9-2,5021.904
2013-9-3,5096.526
2013-9-4,5090.889
2013-9-5,5073.418
2013-9-6,5119.106
2013-9-9,5333.15
2013-9-10,5409.083
2013-9-11,5417.09
2013-9-12,5490.29
2013-9-13,5439.059
2013-9-16,5411.644
2013-9-17,5295.269
2013-9-18,5308.705
2013-9-23,5375.184
2013-9-24,5294.997
2013-9-25,5262.204
2013-9-26,5167.662
2013-9-27,5186.439
2013-9-30,5213.534
2013-10-8,5275.141
2013-10-9,5298.426
2013-10-10,5228.953
2013-10-11,5327.928
2013-10-14,5326.885
2013-10-15,5314.691
2013-10-16,5222.076
2013-10-17,5201.671
2013-10-18,5224.235
2013-10-21,5314.212
2013-10-22,5259.757
2013-10-23,5218.655
2013-10-24,5172.403
2013-10-25,5111.499
2013-10-28,5111.09
2013-10-29,5136.402
2013-10-30,5202.422
2013-10-31,5127.417
2013-11-1,5163.11
2013-11-4,5153.39
2013-11-5,5151.294
2013-11-6,5090.441
2013-11-7,5067.757
2013-11-8,4998.117
2013-11-11,5016.677
2013-11-12,5073.589
2013-11-13,4955.958
2013-11-14,4987.409
2013-11-15,5090.72
2013-11-18,5283.183
2013-11-19,5246.533
2013-11-20,5271.939
2013-11-21,5236.653
2013-11-22,5209.632
2013-11-25,5188.85
2013-11-26,5184.358
2013-11-27,5245.398
2013-11-28,5295.827
2013-11-29,5295.078
2013-12-2,5288.456
2013-12-3,5325.957
2013-12-4,5392.66
2013-12-5,5379.193
2013-12-6,5332.983
2013-12-9,5327.314
2013-12-10,5332.014
2013-12-11,5239.026
2013-12-12,5229.324
2013-12-13,5215.416
2013-12-16,5134.365
2013-12-17,5112.354
2013-12-18,5111.459
2013-12-19,5049.469
2013-12-20,4927.153
2013-12-23,4941.992
2013-12-24,4944.137
2013-12-25,4976.708
2013-12-26,4894.078
2013-12-27,4976.065
2013-12-30,4970.258
2013-12-31,5040.27
2014-1-2,5010.072
2014-1-3,4935.223
2014-1-6,4834.822
2014-1-7,4834.689
2014-1-8,4847.13
2014-1-9,4806.933
2014-1-10,4780.188
2014-1-13,4763.282
2014-1-14,4795.301
2014-1-15,4784.156
2014-1-16,4790.682
2014-1-17,4726.108
2014-1-20,4694.379
2014-1-21,4744.946
2014-1-22,4863.155
2014-1-23,4832.891
2014-1-24,4852.582
2014-1-27,4790.248
2014-1-28,4804.551
2014-1-29,4831.654
2014-1-30,4782.29
2014-2-7,4797.888
2014-2-10,4908.934
2014-2-11,4957.042
2014-2-12,4959.893
2014-2-13,4938.74
2014-2-14,4973.208
2014-2-17,5001.163
2014-2-18,4936.453
2014-2-19,4998.372
2014-2-20,4951.771
2014-2-21,4904.313
2014-2-24,4795.724
2014-2-25,4680.554
2014-2-26,4690.612
2014-2-27,4695.092
2014-2-28,4732.958
2014-3-3,4753.75
2014-3-4,4750.242
2014-3-5,4702.554
2014-3-6,4723.002
2014-3-7,4712.907
2014-3-10,4559.511
2014-3-11,4575.77
2014-3-12,4590.941
2014-3-13,4646.631
2014-3-14,4610.235
2014-3-17,4647.787
2014-3-18,4640.989
2014-3-19,4610.746
2014-3-20,4545.138
2014-3-21,4708.869
2014-3-24,4752.598
2014-3-25,4747.145
2014-3-26,4735.881
2014-3-27,4711.743
2014-3-28,4711.144
2014-3-31,4694.38
2014-4-1,4723.718
2014-4-2,4768.839
2014-4-3,4728.295
2014-4-4,4773.133
2014-4-8,4898.91
2014-4-9,4897.358
2014-4-10,4994.679
2014-4-11,4981.516
2014-4-14,4969.932
2014-4-15,4880.204
2014-4-16,4889.383
2014-4-17,4868.581
2014-4-18,4868.364
2014-4-21,4783.905
2014-4-22,4812.053
2014-4-23,4798.981
2014-4-24,4792.667
2014-4-25,4749.667
2014-4-28,4677.366
2014-4-29,4723.903
2014-4-30,4726.878
2014-5-5,4717.177
2014-5-6,4717.387
2014-5-7,4676.704
2014-5-8,4685.362
2014-5-9,4680.362
2014-5-12,4778.403
2014-5-13,4768.931
2014-5-14,4761.145
2014-5-15,4708
2014-5-16,4709.726
2014-5-19,4634.08
2014-5-20,4638.288
2014-5-21,4682.505
2014-5-22,4671.175
2014-5-23,4710.315
2014-5-26,4721.801
2014-5-27,4702.057
2014-5-28,4743.024
2014-5-29,4715.576
2014-5-30,4711.718
2014-6-3,4696.8
2014-6-4,4654.665
2014-6-5,4706.406
2014-6-6,4671.012
2014-6-9,4674.969
2014-6-10,4729.291
2014-6-11,4723.693
2014-6-12,4710.998
2014-6-13,4760.76
2014-6-16,4800.657
2014-6-17,4752.435
2014-6-18,4732.178
2014-6-19,4666.129
2014-6-20,4687.504
2014-6-23,4673.804
2014-6-24,4695.723
2014-6-25,4667.5
2014-6-26,4697.669
2014-6-27,4695.38
2014-6-30,4729.205
2014-7-1,4731.048
2014-7-2,4745.66
2014-7-3,4763.477
2014-7-4,4761.84
2014-7-7,4763.134
2014-7-8,4766.312
2014-7-9,4706.482
2014-7-10,4692.31
2014-7-11,4702.067
2014-7-14,4751.894
2014-7-15,4758.726
2014-7-16,4750.663
2014-7-17,4718.448
2014-7-18,4731.26
2014-7-21,4735.959
2014-7-22,4789.671
2014-7-23,4809.315
2014-7-24,4905.37
2014-7-25,4954.048
2014-7-28,5100.238
2014-7-29,5115.475
2014-7-30,5091.9
2014-7-31,5155.057
2014-8-1,5107.093
2014-8-4,5216.06
2014-8-5,5194.419
2014-8-6,5171.141
2014-8-7,5091.346
2014-8-8,5101.197
2014-8-11,5175.245
2014-8-12,5157.388
2014-8-13,5162.636
2014-8-14,5116.748
2014-8-15,5165.548
2014-8-18,5188.671
2014-8-19,5185.709
2014-8-20,5160.667
2014-8-21,5130.676
2014-8-22,5153.313
2014-8-25,5103.117
2014-8-26,5072.268
2014-8-27,5075.836
2014-8-28,5046.551
2014-8-29,5107.101
2014-9-1,5135.505
2014-9-2,5206.837
2014-9-3,5255.658
2014-9-4,5299.388
2014-9-5,5353.27
2014-9-9,5338.03
2014-9-10,5303.226
2014-9-11,5288.415
2014-9-12,5320.949
2014-9-15,5317.609
2014-9-16,5227.732
2014-9-17,5249.002
2014-9-18,5260.835
2014-9-19,5298.419
2014-9-22,5191.651
2014-9-23,5236.041
2014-9-24,5331.215
2014-9-25,5313.199
2014-9-26,5310.759
2014-9-29,5336.153
2014-9-30,5341.614
2014-10-8,5398.486
2014-10-9,5404.35
2014-10-10,5366.095
2014-10-13,5335.384
2014-10-14,5313.103
2014-10-15,5350.696
2014-10-16,5316.491
2014-10-17,5314.725
2014-10-20,5335.159
2014-10-21,5293.241
2014-10-22,5269.67
2014-10-23,5226.59
2014-10-24,5218.177
2014-10-27,5162.316
2014-10-28,5263.545
2014-10-29,5342.154
2014-10-30,5385.623
2014-10-31,5478.618
2014-11-3,5477.76
2014-11-4,5473.482
2014-11-5,5449.717
2014-11-6,5452.102
2014-11-7,5449.556
2014-11-10,5596.22
2014-11-11,5611.785
2014-11-12,5691.002
2014-11-13,5672.315
2014-11-14,5675.967
2014-11-17,5637.859
2014-11-18,5571.036
2014-11-19,5557.197
2014-11-20,5561.838
2014-11-21,5674.553
2014-11-24,5819.729
2014-11-25,5891.787
2014-11-26,5998.58
2014-11-27,6081.386
2014-11-28,6222.947
2014-12-1,6230.718
2014-12-2,6490.722
2014-12-3,6564.286
2014-12-4,6896.31
2014-12-5,6980.453
2014-12-8,7278.94
2014-12-9,6937.483
2014-12-10,7176.306
2014-12-11,7048.114
2014-12-12,7071.164
2014-12-15,7120.354
2014-12-16,7361.517
2014-12-17,7534.98
2014-12-18,7504.791
2014-12-19,7608.318
2014-12-22,7663.882
2014-12-23,7495.146
2014-12-24,7250.025
2014-12-25,7518.198
2014-12-26,7799.933
2014-12-29,7834.365
2014-12-30,7871.024
2014-12-31,8044.505
2015-1-5,8261.267
2015-1-6,8215.575
2015-1-7,8237.125
2015-1-8,8012.598
2015-1-9,8010.613
2015-1-12,7921.333
2015-1-13,7897.713
2015-1-14,7894.156
2015-1-15,8159.943
2015-1-16,8235.101
2015-1-19,7554.286
2015-1-20,7610.799
2015-1-21,7989.271
2015-1-22,8018.95
2015-1-23,8050.015
2015-1-26,8093.794
2015-1-27,8008.752
2015-1-28,7895.579
2015-1-29,7779.849
2015-1-30,7667.462
2015-2-2,7471.349
2015-2-3,7668.338
2015-2-4,7588.214
2015-2-5,7506.481
2015-2-6,7405.357
2015-2-9,7501.475
2015-2-10,7617.921
2015-2-11,7666.962
2015-2-12,7685.663
2015-2-13,7738.8
2015-2-16,7780.553
2015-2-17,7832.568
2015-2-25,7730.601
2015-2-26,7941.405
2015-2-27,7947.054
2015-3-2,7992.497
2015-3-3,7776.398
2015-3-4,7806.007
2015-3-5,7713.82
2015-3-6,7700.174
2015-3-9,7848.195
2015-3-10,7784.37
2015-3-11,7807.848
2015-3-12,7997.225
2015-3-13,8039.6
2015-3-16,8226.961
2015-3-17,8345.501
2015-3-18,8539.165
2015-3-19,8526.036
2015-3-20,8661.594
2015-3-23,8828.092
2015-3-24,8802.963
2015-3-25,8709.443
2015-3-26,8758.979
2015-3-27,8789.115
2015-3-30,9068.809
2015-3-31,8972.903
2015-4-1,9121.644
2015-4-2,9090.195
2015-4-3,9193.972
2015-4-7,9394.634
2015-4-8,9518.866
2015-4-9,9450.583
2015-4-10,9620.952
2015-4-13,9800.327
2015-4-14,9864.25
2015-4-15,9786.627
2015-4-16,10117.99
2015-4-17,10321.26
2015-4-20,10149.95
2015-4-21,10315.71
2015-4-22,10586.67
2015-4-23,10561.82
2015-4-24,10469.98
2015-4-27,10741.18
2015-4-28,10619.61
2015-4-29,10669.3
2015-4-30,10608.55
2015-5-4,10704.89
2015-5-5,10290.41
2015-5-6,10207.29
2015-5-7,9998.623
2015-5-8,10153.94
2015-5-11,10416.62
2015-5-12,10537.2
2015-5-13,10435.5
2015-5-14,10382.97
2015-5-15,10210.98
2015-5-18,10063.43
2015-5-19,10413.33
2015-5-20,10455.67
2015-5-21,10584.95
2015-5-22,10878.02
2015-5-25,11218.41
2015-5-26,11389.01
2015-5-27,11319.84
2015-5-28,10558.06
2015-5-29,10535.54
2015-6-1,11032.47
2015-6-2,11179.44
2015-6-3,11152.98
2015-6-4,11279.93
2015-6-5,11385.42
2015-6-8,11741.07
2015-6-9,11645.69
2015-6-10,11580.6239
2015-6-11,11548.7386
2015-6-12,11594.2275
2015-6-15,11336.9489
2015-6-16,11009.1663
2015-6-17,11160.4186
2015-6-18,10697.4894
2015-6-19,10051.9443
2015-6-23,10354.0931
2015-6-24,10555.4316
2015-6-25,10187.1673
2015-6-26,9399.7983
2015-6-29,9109.7258
2015-6-30,9723.8523
2015-7-1,9225.2221
2015-7-2,8942.1713
2015-7-3,8442.6858
2015-7-6,8789.1249
2015-7-7,8774.692
2015-7-8,8138.8304
2015-7-9,8672.1232
2015-7-10,9115.3392
2015-7-13,9261.121
2015-7-14,9018.6591
2015-7-15,8765.3459
2015-7-16,8794.8725
2015-7-17,9090.0325
2015-7-20,9086.511
2015-7-21,9086.9075
2015-7-22,9053.9546
2015-7-23,9265.5658
2015-7-24,9122.4658
2015-7-27,8327.9422
2015-7-28,8300.9369
2015-7-29,8540.1189
2015-7-30,8310.8595
2015-7-31,8282.5159
2015-8-3,8300.8231
2015-8-4,8549.3674
2015-8-5,8373.4478
2015-8-6,8302.0827
2015-8-7,8456.5606
2015-8-10,8862.1038
2015-8-11,8807.6098
2015-8-12,8704.6986
2015-8-13,8820.4549
2015-8-14,8819.8082
2015-8-17,8820.3566
2015-8-18,8263.6995
2015-8-19,8386.9372
2015-8-20,8115.4269
2015-8-21,7770.5872
2015-8-24,7069.2827
2015-8-25,6558.7162
2015-8-26,6546.7653
2015-8-27,6975.3343
2015-8-28,7256.6422
2015-8-31,7334.3567
2015-9-1,7337.42
2015-9-2,7345.9925
2015-9-7,7075.4392
2015-9-8,7260.3824
2015-9-9,7388.2811
2015-9-10,7335.1766
2015-9-11,7310.292
2015-9-14,7304.8342
2015-9-15,7031.6048
2015-9-16,7332.0376
2015-9-17,7167.7775
2015-9-18,7186.6521
2015-9-21,7282.2945
2015-9-22,7351.1015
2015-9-23,7164.6336
2015-9-24,7208.5938
2015-9-25,7125.8677
2015-9-28,7119.2927
2015-9-29,6976.2864
2015-9-30,7030.8578
2015-10-8,7216.037
2015-10-9,7314.5994
2015-10-12,7531.1946
2015-10-13,7522.6788
2015-10-14,7449.1947
2015-10-15,7608.2852
2015-10-16,7715.5078
2015-10-19,7709.4764
2015-10-20,7789.0314
2015-10-21,7639.7728
2015-10-22,7706.0798
2015-10-23,7776.8918
2015-10-26,7812.2475
2015-10-27,7819.5106
2015-10-28,7671.7426
2015-10-29,7679.5055
2015-10-30,7685.7109
2015-11-2,7558.6087
2015-11-3,7533.9862
2015-11-4,7871.696
2015-11-5,8061.5263
2015-11-6,8233.5151
2015-11-9,8339.012
2015-11-10,8316.1452
2015-11-11,8293.7703
2015-11-12,8206.8639
2015-11-13,8113.3229
2015-11-16,8129.4054
2015-11-17,8132.6196
2015-11-18,8063.9128
2015-11-19,8172.479
2015-11-20,8174.1426
2015-11-23,8132.8521
2015-11-24,8117.4071
2015-11-25,8170.4943
2015-11-26,8133.664
2015-11-27,7716.3416
2015-11-30,7728.4401
2015-12-1,7775.9223
2015-12-2,8071.5927
2015-12-3,8106.6677
2015-12-4,7927.2049
2015-12-7,7942.6871
2015-12-8,7818.5856
2015-12-9,7830.4208
2015-12-10,7790.2656
2015-12-11,7743.8887
2015-12-14,7971.3206
2015-12-15,7905.2467
2015-12-16,7895.4205
2015-12-17,8026.3926
2015-12-18,8051.1237
2015-12-21,8269.431
2015-12-22,8281.1766
2015-12-23,8279.5545
2015-12-24,8196.034
2015-12-25,8227.0478
2015-12-28,7973.8767
2015-12-29,8043.1436
2015-12-30,8045.9191
2015-12-31,7995.7691
2016-1-4,7458.3144
2016-1-5,7488.6783
2016-1-6,7614.2259
2016-1-7,7107.5291
2016-1-8,7252.1637
2016-1-11,6892.281
2016-1-12,6928.5506
2016-1-13,6798.3522
2016-1-14,6912.073
2016-1-15,6693.4352
2016-1-18,6707.4112
2016-1-19,6907.8867
2016-1-20,6801.2359
2016-1-21,6609.4974
2016-1-22,6679.4633
2016-1-25,6702.8364
2016-1-26,6300.6508
2016-1-27,6271.8177
2016-1-28,6107.3801
2016-1-29,6308.4793
2016-2-1,6198.5254
2016-2-2,6321.2395
2016-2-3,6286.3014
2016-2-4,6368.6164
2016-2-5,6334.7616
2016-2-15,6293.5846
2016-2-16,6483.0409
2016-2-17,6533.1084
2016-2-18,6514.4725
2016-2-19,6504.4838
2016-2-22,6654.0571
2016-2-23,6583.5774
2016-2-24,6641.4991
2016-2-25,6242.826
2016-2-26,6309.5676
2016-2-29,6205.3675
2016-3-1,6307.6592
2016-3-2,6564.5991
2016-3-3,6597.5957
2016-3-4,6732.3869
2016-3-7,6731.5491
2016-3-8,6739.9586
2016-3-9,6685.5017
2016-3-10,6528.732
2016-3-11,6547.408
2016-3-14,6621.8639
2016-3-15,6663.596
2016-3-16,6741.3181
2016-3-17,6775.9619
2016-3-18,6846.879
2016-3-21,7015.6214
2016-3-22,6962.0243
2016-3-23,6970.7161
2016-3-24,6849.5377
2016-3-25,6885.9246
2016-3-28,6814.272
2016-3-29,6748.2381
2016-3-30,6916.933
2016-3-31,6921.877
2016-4-1,6952.4069
2016-4-5,7023.8044
2016-4-6,6996.0876
2016-4-7,6894.0669
2016-4-8,6844.6689
2016-4-11,6938.4845
2016-4-12,6917.9906
2016-4-13,7010.4379
2016-4-14,7037.3724
2016-4-15,7039.3256
2016-4-18,6945.8334
2016-4-19,6967.2136
2016-4-20,6883.9382
2016-4-21,6837.7673
2016-4-22,6860.2701
2016-4-25,6824.2574
2016-4-26,6858.5037
2016-4-27,6827.057
2016-4-28,6815.0421
2016-4-29,6799.6308
2016-5-3,6903.6415
2016-5-4,6900.4484
2016-5-5,6906.0646
2016-5-6,6738.2705
2016-5-9,6599.7318
2016-5-10,6603.9565
2016-5-11,6630.8586
2016-5-12,6649.5724
2016-5-13,6617.5986
2016-5-16,6651.1207
2016-5-17,6627.9748
2016-5-18,6604.6961
2016-5-19,6588.0283
2016-5-20,6623.06
2016-5-23,6636.2693
2016-5-24,6584.9531
2016-5-25,6581.1485
2016-5-26,6590.1167
2016-5-27,6583.89
2016-5-30,6603.8075
2016-5-31,6823.7542
2016-6-1,6787.5059
2016-6-2,6797.6234
2016-6-3,6837.7199
2016-6-6,6805.968
2016-6-7,6805.4736
2016-6-8,6785.6411
2016-6-13,6598.5944
2016-6-14,6616.8496
2016-6-15,6686.6359
2016-6-16,6648.7904
2016-6-17,6673.294
2016-6-20,6672.1131
2016-6-21,6663.1909
2016-6-22,6708.6595
2016-6-23,6673.369
2016-6-24,6583.7429
2016-6-27,6661.3421
2016-6-28,6689.8863
2016-6-29,6742.3433
2016-6-30,6735.8869
2016-7-1,6748.0015
2016-7-4,6875.5282
2016-7-5,6904.2493
2016-7-6,6914.4298
2016-7-7,6916.4005
2016-7-8,6860.8172
2016-7-11,6890.6048
2016-7-12,7040.4606
2016-7-13,7051.0424
2016-7-14,7039.7843
2016-7-15,7037.1234
2016-7-18,7016.4948
2016-7-19,6985.9831
2016-7-20,6958.1388
2016-7-21,6992.6376
2016-7-22,6924.888
2016-7-25,6935.5966
2016-7-26,7017.7529
2016-7-27,6955.8339
2016-7-28,6950.6531
2016-7-29,6913.502
2016-8-1,6873.2437
2016-8-2,6893.6498
2016-8-3,6897.641
2016-8-4,6895.0421
2016-8-5,6896.3082
2016-8-8,6944.7785
2016-8-9,6991.5875
2016-8-10,6970.3549
2016-8-11,6960.8213
2016-8-12,7094.915
2016-8-15,7301.2577
2016-8-16,7234.5428
2016-8-17,7225.133
2016-8-18,7206.9631
2016-8-19,7220.0966
2016-8-22,7168.4365
2016-8-23,7176.5067
2016-8-24,7150.7739
2016-8-25,7106.0065
2016-8-26,7105.3751
2016-8-29,7098.0761
2016-8-30,7112.6638
2016-8-31,7138.265
2016-9-1,7091.2626
2016-9-2,7130.0869
2016-9-5,7129.728
2016-9-6,7156.4289
2016-9-7,7161.9778
2016-9-8,7159.7049
2016-9-9,7122.8182
2016-9-12,7031.2287
2016-9-13,7010.9298
2016-9-14,6958.6003
2016-9-19,7007.3093
2016-9-20,6993.2237
2016-9-21,7002.6779
2016-9-22,7045.1872
2016-9-23,7025.2953
2016-9-26,6915.993
2016-9-27,6950.7768
2016-9-28,6922.5904
2016-9-29,6945.691
2016-9-30,6958.5008
2016-10-10,7045.0361
2016-10-11,7074.747
2016-10-12,7049.4963
2016-10-13,7057.0416
2016-10-14,7071.0245
2016-10-17,7020.3627
2016-10-18,7116.605
2016-10-19,7110.1896
2016-10-20,7111.5929
2016-10-21,7146.9368
2016-10-24,7237.1126
2016-10-25,7230.9297
2016-10-26,7205.0295
2016-10-27,7185.1625
2016-10-28,7179.7312
2016-10-31,7169.7223
2016-11-1,7212.3181
2016-11-2,7162.9523
2016-11-3,7241.2021
2016-11-4,7225.4307
2016-11-7,7235.7406
2016-11-8,7260.9324
2016-11-9,7212.4697
2016-11-10,7292.7237
2016-11-11,7360.3535
2016-11-14,7396.6423
2016-11-15,7379.5299
2016-11-16,7378.3899
2016-11-17,7395.9825
2016-11-18,7355.8743
2016-11-21,7423.2757
2016-11-22,7482.4764
2016-11-23,7494.9852
2016-11-24,7526.7385
2016-11-25,7599.5716
2016-11-28,7631.6984
2016-11-29,7709.0062
2016-11-30,7635.9512
2016-12-1,7687.0071
2016-12-2,7630.9398
2016-12-5,7515.4242
2016-12-6,7483.6977
2016-12-7,7518.3824
2016-12-8,7510.8469
2016-12-9,7582.6922
2016-12-12,7464.6439
2016-12-13,7441.9829
2016-12-14,7395.8526
2016-12-15,7287.0274
2016-12-16,7278.2749
2016-12-19,7248.1404
2016-12-20,7208.2033
2016-12-21,7272.166
2016-12-22,7263.4347
2016-12-23,7218.323
2016-12-26,7251.9434
2016-12-27,7229.3877
2016-12-28,7199.7886
2016-12-29,7194.6982
2016-12-30,7224.6009
2017-1-3,7291.1021
2017-1-4,7337.7621
2017-1-5,7341.1601
2017-1-6,7307.0042
2017-1-9,7345.2296
2017-1-10,7328.852
2017-1-11,7283.4949
2017-1-12,7255.3393
2017-1-13,7277.2236
2017-1-16,7352.7252
2017-1-17,7337.2887
2017-1-18,7369.4139
2017-1-19,7347.0365
2017-1-20,7390.0883
2017-1-23,7403.3542
2017-1-24,7413.2291
2017-1-25,7440.3418
2017-1-26,7459.7359
2017-2-3,7404.0059
2017-2-6,7417.2159
2017-2-7,7404.4065
2017-2-8,7433.9622
2017-2-9,7463.4137
2017-2-10,7499.4913
2017-2-13,7534.7561
2017-2-14,7534.7889
2017-2-15,7512.4088
2017-2-16,7541.0462
2017-2-17,7490.1721
2017-2-20,7595.3375
2017-2-21,7614.2339
2017-2-22,7625.6275
2017-2-23,7591.4198
2017-2-24,7596.2331
2017-2-27,7542.1295
2017-2-28,7548.3743
2017-3-1,7558.0139
2017-3-2,7501.0116
2017-3-3,7479.9458
2017-3-6,7498.0563
2017-3-7,7510.3319
2017-3-8,7508.8319
2017-3-9,7466.7013
2017-3-10,7452.9751
2017-3-13,7508.8171
2017-3-14,7512.2528
2017-3-15,7524.7591
2017-3-16,7559.8586
2017-3-17,7484.7359
2017-3-20,7493.0896
2017-3-21,7515.1402
2017-3-22,7465.7248
2017-3-23,7486.9592
2017-3-24,7543.1496
2017-3-27,7533.3205
2017-3-28,7509.2928
2017-3-29,7501.0349
2017-3-30,7461.6984
2017-3-31,7491.9375
2017-4-5,7591.9875
2017-4-6,7613.3408
2017-4-7,7614.0153
2017-4-10,7589.4221
2017-4-11,7619.1117
2017-4-12,7604.9081
2017-4-13,7593.5306
2017-4-14,7549.1589
2017-4-17,7537.0965
2017-4-18,7479.568
2017-4-19,7434.4075
2017-4-20,7468.3644
2017-4-21,7497.4598
2017-4-24,7450.9648
2017-4-25,7447.4596
2017-4-26,7443.0765
2017-4-27,7450.1145
2017-4-28,7438.3759
2017-5-2,7407.6509
2017-5-3,7384.4551
2017-5-4,7367.2991
2017-5-5,7344.2573
2017-5-8,7340.4464
2017-5-9,7303.9279
2017-5-10,7281.4041
2017-5-11,7317.8483
2017-5-12,7392.1033
2017-5-15,7412.8196
2017-5-16,7442.8045
2017-5-17,7398.55
2017-5-18,7372.0415
2017-5-19,7383.4067
2017-5-22,7412.6049
2017-5-23,7472.1074
2017-5-24,7462.7177
2017-5-25,7618.0204
2017-5-26,7615.4313
2017-5-31,7644.9641
2017-6-1,7681.1183
2017-6-2,7635.9365
2017-6-5,7576.4656
2017-6-6,7620.042
2017-6-7,7682.7106
2017-6-8,7740.6506
2017-6-9,7776.8346
2017-6-12,7766.5813
2017-6-13,7767.8909
2017-6-14,7668.5825
2017-6-15,7639.547
2017-6-16,7619.861
2017-6-19,7700.2714
2017-6-20,7673.9895
2017-6-21,7746.5603
2017-6-22,7774.1432
2017-6-23,7814.1392
2017-6-26,7886.3362
2017-6-27,7908.3542
2017-6-28,7859.1007
2017-6-29,7904.7097
2017-6-30,7900.3541
2017-7-3,7873.7506
2017-7-4,7809.7075
2017-7-5,7897.3612
2017-7-6,7910.7788
2017-7-7,7904.4252
2017-7-10,7915.0875
2017-7-11,7945.5825
2017-7-12,7923.2539
2017-7-13,8008.5995
2017-7-14,8055.1303
2017-7-17,8018.2537
2017-7-18,8022.1404
2017-7-19,8146.6117
2017-7-20,8172.3326
2017-7-21,8122.8941
2017-7-24,8161.8597
2017-7-25,8123.1298
2017-7-26,8109.8634
2017-7-27,8116.1054
2017-7-28,8126.1174
2017-7-31,8161.8412
2017-8-1,8251.7182
2017-8-2,8241.9375
2017-8-3,8170.5995
2017-8-4,8128.6984
2017-8-7,8167.0932
2017-8-8,8170.7231
2017-8-9,8150.1004
2017-8-10,8116.3908
2017-8-11,7977.678
2017-8-14,8052.9762
2017-8-15,8080.4984
2017-8-16,8050.5572
2017-8-17,8097.8903
2017-8-18,8111.7739
2017-8-21,8143.2506
2017-8-22,8186.7447
2017-8-23,8198.1035
2017-8-24,8150.8672
2017-8-25,8307.3509
2017-8-28,8401.8595
2017-8-29,8399.7698
2017-8-30,8385.3404
2017-8-31,8359.3253
2017-9-1,8373.4553
2017-9-4,8391.5292
2017-9-5,8416.5916
2017-9-6,8392.6593
2017-9-7,8336.3224
2017-9-8,8330.9507
2017-9-11,8324.3619
2017-9-12,8362.9498
2017-9-13,8357.9346
2017-9-14,8319.5377
2017-9-15,8299.178
2017-9-18,8320.0178
2017-9-19,8309.9963
2017-9-20,8305.6263
2017-9-21,8304.1295
2017-9-22,8306.6349
2017-9-25,8293.432
2017-9-26,8293.1508
2017-9-27,8271.7294
2017-9-28,8269.078
2017-9-29,8297.6971
2017-10-9,8366.3984
2017-10-10,8369.7251
2017-10-11,8391.5067
2017-10-12,8415.2645
2017-10-13,8414.4602
2017-10-16,8430.0509
2017-10-17,8417.1339
2017-10-18,8486.0045
2017-10-19,8484.3269
2017-10-20,8465.8755
2017-10-23,8455.3116
2017-10-24,8516.655
2017-10-25,8532.9305
2017-10-26,8573.0085
2017-10-27,8646.358
2017-10-30,8618.336
2017-10-31,8592.635
2017-11-1,8575.4628
2017-11-2,8573.5297
2017-11-3,8585.7791
2017-11-6,8604.7494
2017-11-7,8669.1285
2017-11-8,8665.4547
2017-11-9,8711.7554
2017-11-10,8782.3853
2017-11-13,8805.6565
2017-11-14,8757.0709
2017-11-15,8718.4615
2017-11-16,8771.4206
2017-11-17,8882.9145
2017-11-20,8900.1883
2017-11-21,9013.9857
2017-11-22,9071.2137
2017-11-23,8843.5873
2017-11-24,8844.6974
2017-11-27,8774.5456
2017-11-28,8762.5079
2017-11-29,8758.3236
2017-11-30,8673.7166
2017-12-1,8641.7748
2017-12-4,8682.8785
2017-12-5,8772.183
2017-12-6,8689.4195
2017-12-7,8616.9932
2017-12-8,8661.0859
2017-12-11,8770.7676
2017-12-12,8639.8616
2017-12-13,8702.7521
2017-12-14,8647.5912
2017-12-15,8558.8523
2017-12-18,8573.6349
2017-12-19,8682.6437
2017-12-20,8680.6231
2017-12-21,8728.0902
2017-12-22,8695.6179
2017-12-25,8677.8118
2017-12-26,8718.6554
2017-12-27,8573.5031
2017-12-28,8632.4933
2017-12-29,8647.0294
2018-1-2,8773.3956
2018-1-3,8818.5702
2018-1-4,8847.0569
2018-1-5,8872.131
2018-1-8,8927.3982
2018-1-9,8978.821
2018-1-10,9019.3603
2018-1-11,9014.932
2018-1-12,9054.9044
2018-1-15,9066.1038
2018-1-16,9127.0859
2018-1-17,9142.0421
2018-1-18,9208.4277
2018-1-19,9252.5593
2018-1-22,9315.7015
2018-1-23,9430.8643
2018-1-24,9453.1865
2018-1-25,9404.3641
2018-1-26,9451.741
2018-1-29,9302.247
2018-1-30,9207.1519
2018-1-31,9269.7531
2018-2-1,9265.1318
2018-2-2,9304.5911
2018-2-5,9363.4192
2018-2-6,9120.7554
2018-2-7,8908.7351
2018-2-8,8736.1985
2018-2-9,8347.6923
2018-2-12,8383.9064
2018-2-13,8492.677
2018-2-14,8549.6142
2018-2-22,8726.9872
2018-2-23,8789.2626
2018-2-26,8863.9577
2018-2-27,8737.1079
2018-2-28,8624.613
2018-3-1,8668.9808
2018-3-2,8597.5352
2018-3-5,8598.408
2018-3-6,8696.4386
2018-3-7,8645.8961
2018-3-8,8716.8549
2018-3-9,8757.1309
2018-3-12,8778.755
2018-3-13,8705.9665
2018-3-14,8677.6877
2018-3-15,8726.0053
2018-3-16,8660.532
2018-3-19,8713.1505
2018-3-20,8733.6781
2018-3-21,8706.4723
2018-3-22,8633.122
2018-3-23,8400.0324
2018-3-26,8302.7183
2018-3-27,8351.3972
2018-3-28,8205.2626
2018-3-29,8308.0961
2018-3-30,8304.4187
2018-4-2,8289.4955
2018-4-3,8238.2707
2018-4-4,8229.3392
2018-4-9,8254.8191
2018-4-10,8420.2664
2018-4-11,8437.3735
2018-4-12,8349.3576
2018-4-13,8282.9203
2018-4-16,8136.4313
2018-4-17,8029.1803
2018-4-18,8078.3776
2018-4-19,8164.4853
2018-4-20,8058.1355
2018-4-23,8079.6806
2018-4-24,8240.5478
2018-4-25,8200.5332
2018-4-26,8082.3571
2018-4-27,8075.308
2018-5-2,8084.0628
2018-5-3,8136.8964
2018-5-4,8096.4739
2018-5-7,8208.2116
2018-5-8,8303.8361
2018-5-9,8290.0269
2018-5-10,8335.8398
2018-5-11,8303.7182
2018-5-14,8376.4738
2018-5-15,8402.578
2018-5-16,8325.9101
2018-5-17,8266.0376
2018-5-18,8367.6648
2018-5-21,8402.9056
2018-5-22,8368.4793
2018-5-23,8251.0257
2018-5-24,8197.8942
2018-5-25,8192.9059
2018-5-28,8213.88
2018-5-29,8169.5837
2018-5-30,7992.6065
2018-5-31,8148.4555
2018-6-1,8092.934
2018-6-4,8183.3737
2018-6-5,8244.5292
2018-6-6,8232.1555
2018-6-7,8225.7494
2018-6-8,8103.9551
2018-6-11,8103.9832
2018-6-12,8186.0313
2018-6-13,8124.9682
2018-6-14,8117.1135
2018-6-15,8089.7671
2018-6-19,7847.5557
2018-6-20,7855.6286
2018-6-21,7786.4459
2018-6-22,7811.2258
2018-6-25,7691.6769
2018-6-26,7617.525
2018-6-27,7482.07
2018-6-28,7408.4823
2018-6-29,7571.9502
2018-7-2,7336.9394
2018-7-3,7346.7178
2018-7-4,7279.3204
2018-7-5,7263.4989
2018-7-6,7315.6025
2018-7-9,7505.0188
2018-7-10,7514.8211
2018-7-11,7388.9465
2018-7-12,7530.8829
2018-7-13,7547.2931
2018-7-16,7483.3018
2018-7-17,7431.7718
2018-7-18,7407.3614
2018-7-19,7397.4169
2018-7-20,7574.6969
2018-7-23,7662.9377
2018-7-24,7780.1275
2018-7-25,7779.3935
2018-7-26,7695.2814
2018-7-27,7666.443
2018-7-30,7684.1973
2018-7-31,7693.1574
2018-8-1,7541.0652
2018-8-2,7391.0268
2018-8-3,7298.4174
2018-8-6,7227.1562
2018-8-7,7429.0429
2018-8-8,7328.7401
2018-8-9,7492.2413
2018-8-10,7495.2873
2018-8-13,7448.367
2018-8-14,7415.973
2018-8-15,7242.5529
2018-8-16,7215.3784
2018-8-17,7116.3818
2018-8-20,7203.7006
2018-8-21,7326.1697
2018-8-22,7301.8518
2018-8-23,7331.6677
2018-8-24,7357.1316
2018-8-27,7511.4137
2018-8-28,7493.1013
2018-8-29,7465.7409
2018-8-30,7393.9308
2018-8-31,7371.1818
2018-9-3,7350.2945
2018-9-4,7443.5829
2018-9-5,7290.9437
2018-9-6,7226.4234
2018-9-7,7276.0717
2018-9-10,7186.3819
2018-9-11,7161.1133
2018-9-12,7122.1675
2018-9-13,7206.4073
2018-9-14,7219.5376
2018-9-17,7138.9881
2018-9-18,7299.3344
2018-9-19,7383.6305
2018-9-20,7379.8699
2018-9-21,7614.865
2018-9-25,7550.7749
2018-9-26,7635.8982
2018-9-27,7614.6261
2018-9-28,7699.0155
2018-10-8,7377.6251
2018-10-9,7373.6997
2018-10-10,7375.8549
2018-10-11,7037.7268
2018-10-12,7145.1571
2018-10-15,7047.03
2018-10-16,7007.795
2018-10-17,7040.7824
2018-10-18,6863.7076
2018-10-19,7075.6546
2018-10-22,7365.9748
2018-10-23,7169.9227
2018-10-24,7202.9881
2018-10-25,7226.2484
2018-10-26,7176.0096
2018-10-29,6966.3032
2018-10-30,7053.0406
2018-10-31,7150.1995
2018-11-1,7179.416
2018-11-2,7414.903
2018-11-5,7350.7021
2018-11-6,7317.0013
2018-11-7,7268.7548
2018-11-8,7256.894
2018-11-9,7136.1559
2018-11-12,7198.2131
2018-11-13,7260.1817
2018-11-14,7186.2647
2018-11-15,7277.0732
2018-11-16,7300.5575
2018-11-19,7384.3611
2018-11-20,7232.9614
2018-11-21,7248.9769
2018-11-22,7217.0519
2018-11-23,7074.2063
2018-11-26,7076.4245
2018-11-27,7063.7584
2018-11-28,7144.4131
2018-11-29,7067.7247
2018-11-30,7140.9986
2018-12-3,7317.6406
2018-12-4,7344.3555
2018-12-5,7307.5743
2018-12-6,7168.0619
2018-12-7,7164.4128
2018-12-10,7100.9959
2018-12-11,7124.6802
2018-12-12,7146.8091
2018-12-13,7247.5464
2018-12-14,7132.321
2018-12-17,7134.9957
2018-12-18,7063.9885
2018-12-19,6986.0282
2018-12-20,6918.1071
2018-12-21,6846.1136
2018-12-24,6858.9576
2018-12-25,6809.0902
2018-12-26,6775.7515
2018-12-27,6758.8545
2018-12-28,6808.7962
