Date,High,Low,Open,Close,Volume,Adj Close
2014-10-16,1151.6700439453125,1050.0,1056.6700439453125,1110.0,165645300.0,971.7667846679688
2014-10-17,1200.0,1131.6700439453125,1150.0,1181.6700439453125,69317100.0,1034.5113525390625
2014-10-20,1278.3299560546875,1206.6700439453125,1233.3299560546875,1266.6700439453125,53348400.0,1108.9261474609375
2014-10-21,1263.3299560546875,1220.0,1236.6700439453125,1255.0,31208400.0,1098.7093505859375
2014-10-22,1273.3299560546875,1236.6700439453125,1266.6700439453125,1265.0,38333700.0,1107.4638671875
2014-10-23,1241.6700439453125,1208.3299560546875,1236.6700439453125,1216.6700439453125,21720600.0,1065.1527099609375
2014-10-24,1221.6700439453125,1165.0,1218.3299560546875,1206.6700439453125,29970600.0,1056.398193359375
2014-10-27,1233.3299560546875,1190.0,1213.3299560546875,1230.0,16278900.0,1076.82275390625
2014-10-28,1241.6700439453125,1220.0,1231.6700439453125,1228.3299560546875,15882600.0,1075.360595703125
2014-10-29,1251.6700439453125,1198.3299560546875,1233.3299560546875,1213.3299560546875,57161400.0,1062.2288818359375
2014-10-30,1223.3299560546875,1210.0,1220.0,1218.3299560546875,8121600.0,1066.60595703125
2014-10-31,1231.6700439453125,1205.0,1218.3299560546875,1231.6700439453125,7959600.0,1078.28466796875
2014-11-04,1266.6700439453125,1225.0,1266.6700439453125,1248.3299560546875,16442100.0,1092.869873046875
2014-11-05,1263.3299560546875,1233.3299560546875,1235.0,1261.6700439453125,8625300.0,1104.5487060546875
2014-11-06,1283.3299560546875,1256.6700439453125,1263.3299560546875,1270.0,18632400.0,1111.84130859375
2014-11-07,1298.3299560546875,1273.3299560546875,1281.6700439453125,1296.6700439453125,19284600.0,1135.1900634765625
2014-11-10,1308.3299560546875,1266.6700439453125,1293.3299560546875,1291.6700439453125,10388700.0,1130.8126220703125
2014-11-11,1321.6700439453125,1291.6700439453125,1300.0,1315.0,11169300.0,1151.2371826171875
2014-11-12,1338.3299560546875,1318.3299560546875,1323.3299560546875,1320.0,13188600.0,1155.61474609375
2014-11-13,1331.6700439453125,1301.6700439453125,1320.0,1308.3299560546875,7462200.0,1145.397705078125
2014-11-14,1281.6700439453125,1201.6700439453125,1280.0,1221.6700439453125,28854000.0,1069.5299072265625
2014-11-17,1238.3299560546875,1150.0,1235.0,1168.3299560546875,22661700.0,1022.8326416015625
2014-11-18,1235.0,1186.6700439453125,1191.6700439453125,1225.0,16765200.0,1072.4453125
2014-11-19,1266.6700439453125,1235.0,1263.3299560546875,1258.3299560546875,9583200.0,1101.62451171875
2014-11-20,1266.6700439453125,1241.6700439453125,1265.0,1256.6700439453125,6267300.0,1100.1715087890625
2014-11-21,1265.0,1233.3299560546875,1256.6700439453125,1261.6700439453125,8528100.0,1104.5487060546875
2014-11-25,1310.0,1270.0,1273.3299560546875,1310.0,17439000.0,1146.8599853515625
2014-11-26,1303.3299560546875,1278.3299560546875,1298.3299560546875,1296.6700439453125,14175900.0,1135.1900634765625
2014-11-27,1311.6700439453125,1286.6700439453125,1301.6700439453125,1311.6700439453125,70008900.0,1148.322021484375
2014-11-28,1321.6700439453125,1295.0,1296.6700439453125,1300.0,11087100.0,1138.1053466796875
2014-12-01,1308.3299560546875,1268.3299560546875,1308.3299560546875,1291.6700439453125,9232800.0,1130.8126220703125
2014-12-02,1286.6700439453125,1263.3299560546875,1283.3299560546875,1268.3299560546875,8477400.0,1110.379150390625
2014-12-03,1296.6700439453125,1278.3299560546875,1288.3299560546875,1291.6700439453125,8666400.0,1130.8126220703125
2014-12-04,1300.0,1258.3299560546875,1298.3299560546875,1260.0,7313400.0,1103.0867919921875
2014-12-05,1255.0,1233.3299560546875,1253.3299560546875,1240.0,5615100.0,1085.577392578125
2014-12-08,1245.0,1200.0,1245.0,1208.3299560546875,7937100.0,1057.8511962890625
2014-12-09,1201.6700439453125,1178.3299560546875,1200.0,1191.6700439453125,10800900.0,1043.26611328125
2014-12-10,1220.0,1185.0,1185.0,1208.3299560546875,8832000.0,1057.8511962890625
2014-12-11,1203.3299560546875,1186.6700439453125,1196.6700439453125,1190.0,7375200.0,1041.8040771484375
2014-12-12,1188.3299560546875,1170.0,1185.0,1170.0,7736700.0,1024.2947998046875
2014-12-15,1183.3299560546875,1128.3299560546875,1166.6700439453125,1133.3299560546875,10002900.0,992.1915283203125
2014-12-16,1166.6700439453125,1116.6700439453125,1121.6700439453125,1156.6700439453125,11649000.0,1012.6249389648438
2014-12-17,1165.0,1140.0,1141.6700439453125,1156.6700439453125,3838800.0,1012.6249389648438
2014-12-18,1175.0,1143.3299560546875,1168.3299560546875,1148.3299560546875,4950300.0,1005.3233032226562
2014-12-19,1170.0,1151.6700439453125,1166.6700439453125,1158.3299560546875,3852600.0,1014.0780029296875
2014-12-22,1186.6700439453125,1163.3299560546875,1181.6700439453125,1181.6700439453125,5948700.0,1034.5113525390625
2014-12-24,1193.3299560546875,1170.0,1193.3299560546875,1171.6700439453125,6991500.0,1025.7567138671875
2014-12-25,1180.0,1156.6700439453125,1180.0,1161.6700439453125,6869100.0,1017.0020751953125
2014-12-26,1170.0,1160.0,1166.6700439453125,1161.6700439453125,3387600.0,1017.0020751953125
2014-12-29,1165.0,1146.6700439453125,1155.0,1146.6700439453125,3951900.0,1003.8702392578125
2014-12-30,1158.3299560546875,1143.3299560546875,1151.6700439453125,1146.6700439453125,3207900.0,1003.8702392578125
2015-01-05,1150.0,1138.3299560546875,1145.0,1145.0,3300600.0,1002.4081420898438
2015-01-06,1150.0,1136.6700439453125,1138.3299560546875,1143.3299560546875,4274400.0,1000.9461059570312
2015-01-07,1216.6700439453125,1143.3299560546875,1143.3299560546875,1216.6700439453125,11946600.0,1065.1527099609375
2015-01-08,1216.6700439453125,1188.3299560546875,1208.3299560546875,1203.3299560546875,5634900.0,1053.47412109375
2015-01-09,1216.6700439453125,1190.0,1206.6700439453125,1195.0,3950400.0,1046.1815185546875
2015-01-13,1215.0,1188.3299560546875,1191.6700439453125,1206.6700439453125,5623200.0,1056.398193359375
2015-01-14,1220.0,1198.3299560546875,1203.3299560546875,1211.6700439453125,6676500.0,1060.775390625
2015-01-15,1213.3299560546875,1193.3299560546875,1196.6700439453125,1203.3299560546875,5700600.0,1053.47412109375
2015-01-16,1193.3299560546875,1163.3299560546875,1191.6700439453125,1166.6700439453125,5786100.0,1021.3795166015625
2015-01-19,1185.0,1173.3299560546875,1173.3299560546875,1180.0,5434800.0,1033.0494384765625
2015-01-20,1180.0,1163.3299560546875,1180.0,1166.6700439453125,7404000.0,1021.3795166015625
2015-01-21,1176.6700439453125,1151.6700439453125,1171.6700439453125,1155.0,3245700.0,1011.1627197265625
2015-01-22,1153.3299560546875,1131.6700439453125,1150.0,1138.3299560546875,5757600.0,996.5686645507812
2015-01-23,1156.6700439453125,1131.6700439453125,1156.6700439453125,1136.6700439453125,5222400.0,995.1155395507812
2015-01-26,1140.0,1131.6700439453125,1140.0,1133.3299560546875,6211500.0,992.1915283203125
2015-01-27,1145.0,1130.0,1133.3299560546875,1135.0,3183000.0,993.6534423828125
2015-01-28,1140.0,1128.3299560546875,1133.3299560546875,1130.0,3455100.0,989.276123046875
2015-01-29,1145.0,1126.6700439453125,1126.6700439453125,1138.3299560546875,4031400.0,996.5686645507812
2015-01-30,1153.3299560546875,1140.0,1146.6700439453125,1146.6700439453125,4078500.0,1003.8702392578125
2015-02-02,1136.6700439453125,1128.3299560546875,1133.3299560546875,1133.3299560546875,2602800.0,992.1915283203125
2015-02-03,1146.6700439453125,1130.0,1143.3299560546875,1133.3299560546875,3173400.0,992.1915283203125
2015-02-04,1153.3299560546875,1138.3299560546875,1143.3299560546875,1143.3299560546875,2952300.0,1000.9461059570312
2015-02-05,1150.0,1133.3299560546875,1145.0,1148.3299560546875,2812200.0,1005.3233032226562
2015-02-06,1151.6700439453125,1138.3299560546875,1150.0,1146.6700439453125,1578900.0,1003.8702392578125
2015-02-09,1171.6700439453125,1138.3299560546875,1151.6700439453125,1166.6700439453125,6289800.0,1021.3795166015625
2015-02-10,1188.3299560546875,1165.0,1166.6700439453125,1186.6700439453125,9713700.0,1038.888916015625
2015-02-12,1200.0,1188.3299560546875,1195.0,1196.6700439453125,6046200.0,1047.6434326171875
2015-02-13,1196.6700439453125,1186.6700439453125,1193.3299560546875,1190.0,4042800.0,1041.8040771484375
2015-02-16,1231.6700439453125,1205.0,1206.6700439453125,1230.0,11774700.0,1076.82275390625
2015-02-17,1230.0,1203.3299560546875,1230.0,1215.0,7047900.0,1063.690673828125
2015-02-18,1228.3299560546875,1188.3299560546875,1220.0,1198.3299560546875,8774400.0,1049.0965576171875
2015-02-19,1208.3299560546875,1176.6700439453125,1200.0,1180.0,4150200.0,1033.0494384765625
2015-02-20,1203.3299560546875,1178.3299560546875,1181.6700439453125,1200.0,3804900.0,1050.5587158203125
2015-02-23,1220.0,1210.0,1210.0,1216.6700439453125,6356100.0,1065.1527099609375
2015-02-24,1226.6700439453125,1216.6700439453125,1218.3299560546875,1226.6700439453125,5060400.0,1073.907470703125
2015-02-25,1246.6700439453125,1218.3299560546875,1228.3299560546875,1236.6700439453125,13191300.0,1082.6622314453125
2015-02-26,1260.0,1241.6700439453125,1246.6700439453125,1258.3299560546875,9945600.0,1101.62451171875
2015-02-27,1261.6700439453125,1243.3299560546875,1258.3299560546875,1248.3299560546875,8233800.0,1092.869873046875
2015-03-02,1270.0,1243.3299560546875,1243.3299560546875,1266.6700439453125,5989500.0,1108.9261474609375
2015-03-03,1266.6700439453125,1238.3299560546875,1266.6700439453125,1248.3299560546875,6024300.0,1092.869873046875
2015-03-04,1261.6700439453125,1235.0,1236.6700439453125,1258.3299560546875,5843400.0,1101.62451171875
2015-03-05,1270.0,1253.3299560546875,1261.6700439453125,1260.0,4497600.0,1103.0867919921875
2015-03-06,1260.0,1228.3299560546875,1255.0,1231.6700439453125,5694300.0,1078.28466796875
2015-03-09,1231.6700439453125,1201.6700439453125,1228.3299560546875,1210.0,4660200.0,1059.3133544921875
2015-03-10,1225.0,1195.0,1215.0,1198.3299560546875,4272900.0,1049.0965576171875
2015-03-11,1208.3299560546875,1195.0,1198.3299560546875,1196.6700439453125,2754600.0,1047.6434326171875
2015-03-12,1215.0,1198.3299560546875,1198.3299560546875,1211.6700439453125,3419100.0,1060.775390625
2015-03-13,1238.3299560546875,1218.3299560546875,1228.3299560546875,1233.3299560546875,7149300.0,1079.738037109375
2015-03-16,1240.0,1221.6700439453125,1240.0,1236.6700439453125,3442200.0,1082.6622314453125
2015-03-17,1270.0,1235.0,1241.6700439453125,1266.6700439453125,10258800.0,1108.9261474609375
2015-03-18,1280.0,1256.6700439453125,1260.0,1275.0,7415700.0,1116.2186279296875
2015-03-19,1315.0,1281.6700439453125,1283.3299560546875,1308.3299560546875,19108800.0,1145.397705078125
2015-03-20,1313.3299560546875,1290.0,1306.6700439453125,1305.0,7915800.0,1142.482666015625
2015-03-23,1301.6700439453125,1290.0,1296.6700439453125,1291.6700439453125,4883700.0,1130.8126220703125
2015-03-24,1296.6700439453125,1275.0,1286.6700439453125,1286.6700439453125,6870900.0,1126.4354248046875
2015-03-25,1293.3299560546875,1275.0,1293.3299560546875,1280.0,4279500.0,1120.5960693359375
2015-03-26,1273.3299560546875,1258.3299560546875,1273.3299560546875,1268.3299560546875,3416100.0,1110.379150390625
2015-03-27,1271.6700439453125,1236.6700439453125,1246.6700439453125,1250.0,5055600.0,1136.44482421875
2015-03-30,1273.3299560546875,1255.0,1256.6700439453125,1265.0,4300200.0,1150.0821533203125
2015-03-31,1281.6700439453125,1250.0,1276.6700439453125,1250.0,3303000.0,1136.44482421875
2015-04-01,1261.6700439453125,1226.6700439453125,1243.3299560546875,1253.3299560546875,5518200.0,1139.47216796875
2015-04-02,1281.6700439453125,1256.6700439453125,1260.0,1265.0,6234300.0,1150.0821533203125
2015-04-03,1271.6700439453125,1243.3299560546875,1253.3299560546875,1270.0,2596800.0,1154.6279296875
2015-04-06,1263.3299560546875,1246.6700439453125,1253.3299560546875,1263.3299560546875,1566000.0,1148.56396484375
2015-04-07,1276.6700439453125,1263.3299560546875,1268.3299560546875,1270.0,4489800.0,1154.6279296875
2015-04-08,1313.3299560546875,1275.0,1280.0,1313.3299560546875,17229600.0,1194.0216064453125
2015-04-09,1323.3299560546875,1308.3299560546875,1313.3299560546875,1318.3299560546875,8546700.0,1198.5673828125
2015-04-10,1325.0,1301.6700439453125,1316.6700439453125,1318.3299560546875,9475200.0,1198.5673828125
2015-04-13,1341.6700439453125,1313.3299560546875,1316.6700439453125,1333.3299560546875,14590200.0,1212.2047119140625
2015-04-14,1346.6700439453125,1331.6700439453125,1333.3299560546875,1345.0,7804500.0,1222.814697265625
2015-04-15,1365.0,1346.6700439453125,1350.0,1355.0,8732100.0,1231.90625
2015-04-16,1365.0,1346.6700439453125,1360.0,1358.3299560546875,7106400.0,1234.9334716796875
2015-04-17,1358.3299560546875,1346.6700439453125,1350.0,1351.6700439453125,3615600.0,1228.8785400390625
2015-04-20,1351.6700439453125,1333.3299560546875,1335.0,1346.6700439453125,3732300.0,1224.3330078125
2015-04-21,1388.3299560546875,1350.0,1353.3299560546875,1385.0,10431300.0,1259.180908203125
2015-04-22,1426.6700439453125,1383.3299560546875,1385.0,1426.6700439453125,11523900.0,1297.0655517578125
2015-04-23,1438.3299560546875,1391.6700439453125,1430.0,1395.0,11264100.0,1268.2725830078125
2015-04-24,1420.0,1386.6700439453125,1388.3299560546875,1406.6700439453125,7788600.0,1278.88232421875
2015-04-27,1423.3299560546875,1391.6700439453125,1406.6700439453125,1415.0,6320100.0,1286.4554443359375
2015-04-28,1415.0,1358.3299560546875,1410.0,1378.3299560546875,20057100.0,1253.11669921875
2015-04-30,1385.0,1341.6700439453125,1366.6700439453125,1346.6700439453125,8592000.0,1224.3330078125
2015-05-01,1348.3299560546875,1325.0,1343.3299560546875,1333.3299560546875,5047200.0,1212.2047119140625
2015-05-07,1318.3299560546875,1270.0,1311.6700439453125,1281.6700439453125,12174900.0,1165.23779296875
2015-05-08,1320.0,1283.3299560546875,1283.3299560546875,1315.0,5666700.0,1195.5399169921875
2015-05-11,1333.3299560546875,1290.0,1333.3299560546875,1296.6700439453125,4080600.0,1178.875244140625
2015-05-12,1318.3299560546875,1291.6700439453125,1311.6700439453125,1298.3299560546875,4355400.0,1180.3843994140625
2015-05-13,1325.0,1305.0,1318.3299560546875,1323.3299560546875,4099500.0,1203.1131591796875
2015-05-14,1308.3299560546875,1263.3299560546875,1280.0,1291.6700439453125,6366300.0,1174.329345703125
2015-05-15,1330.0,1300.0,1301.6700439453125,1323.3299560546875,6008100.0,1203.1131591796875
2015-05-18,1330.0,1313.3299560546875,1326.6700439453125,1323.3299560546875,3227400.0,1203.1131591796875
2015-05-19,1325.0,1298.3299560546875,1323.3299560546875,1308.3299560546875,4749300.0,1189.475830078125
2015-05-20,1323.3299560546875,1303.3299560546875,1310.0,1313.3299560546875,3812400.0,1194.0216064453125
2015-05-21,1316.6700439453125,1305.0,1313.3299560546875,1308.3299560546875,2118600.0,1189.475830078125
2015-05-22,1308.3299560546875,1290.0,1308.3299560546875,1303.3299560546875,3324300.0,1184.93017578125
2015-05-25,1308.3299560546875,1296.6700439453125,1308.3299560546875,1303.3299560546875,2839500.0,1184.93017578125
2015-05-26,1305.0,1293.3299560546875,1305.0,1293.3299560546875,1373400.0,1175.8385009765625
2015-05-27,1288.3299560546875,1270.0,1288.3299560546875,1273.3299560546875,4176600.0,1157.6552734375
2015-05-28,1288.3299560546875,1261.6700439453125,1281.6700439453125,1286.6700439453125,5837700.0,1169.78369140625
2015-05-29,1305.0,1283.3299560546875,1285.0,1296.6700439453125,8052900.0,1178.875244140625
2015-06-01,1298.3299560546875,1271.6700439453125,1295.0,1276.6700439453125,2940000.0,1160.692138671875
2015-06-02,1278.3299560546875,1263.3299560546875,1270.0,1263.3299560546875,4424700.0,1148.56396484375
2015-06-03,1293.3299560546875,1270.0,1276.6700439453125,1288.3299560546875,4464900.0,1171.292724609375
2015-06-04,1323.3299560546875,1296.6700439453125,1298.3299560546875,1320.0,10231200.0,1200.0858154296875
2015-06-05,1326.6700439453125,1306.6700439453125,1315.0,1320.0,4313400.0,1200.0858154296875
2015-06-08,1313.3299560546875,1283.3299560546875,1313.3299560546875,1296.6700439453125,4207800.0,1178.875244140625
2015-06-09,1290.0,1266.6700439453125,1281.6700439453125,1273.3299560546875,5844900.0,1157.6552734375
2015-06-10,1308.3299560546875,1273.3299560546875,1273.3299560546875,1298.3299560546875,6482400.0,1180.3843994140625
2015-06-11,1313.3299560546875,1291.6700439453125,1305.0,1306.6700439453125,4634100.0,1187.966796875
2015-06-12,1301.6700439453125,1286.6700439453125,1298.3299560546875,1298.3299560546875,7582500.0,1180.3843994140625
2015-06-15,1290.0,1268.3299560546875,1283.3299560546875,1268.3299560546875,5336100.0,1153.1097412109375
2015-06-16,1263.3299560546875,1243.3299560546875,1263.3299560546875,1245.0,5972100.0,1131.8990478515625
2015-06-17,1258.3299560546875,1236.6700439453125,1245.0,1238.3299560546875,6791700.0,1125.8348388671875
2015-06-18,1250.0,1208.3299560546875,1231.6700439453125,1240.0,8358000.0,1127.353271484375
2015-06-19,1281.6700439453125,1240.0,1265.0,1276.6700439453125,30263400.0,1160.692138671875
2015-06-22,1283.3299560546875,1260.0,1268.3299560546875,1281.6700439453125,6195000.0,1165.23779296875
2015-06-23,1295.0,1281.6700439453125,1295.0,1288.3299560546875,2490600.0,1171.292724609375
2015-06-24,1290.0,1261.6700439453125,1290.0,1265.0,4448100.0,1150.0821533203125
2015-06-25,1266.6700439453125,1253.3299560546875,1260.0,1258.3299560546875,2349900.0,1144.01806640625
2015-06-26,1261.6700439453125,1245.0,1258.3299560546875,1256.6700439453125,2697600.0,1142.5091552734375
2015-06-29,1231.6700439453125,1208.3299560546875,1210.0,1221.6700439453125,3759600.0,1110.6884765625
2015-06-30,1246.6700439453125,1223.3299560546875,1226.6700439453125,1245.0,5724600.0,1131.8990478515625
2015-07-01,1260.0,1235.0,1243.3299560546875,1260.0,2239200.0,1145.536376953125
2015-07-02,1265.0,1246.6700439453125,1265.0,1250.0,1867500.0,1136.44482421875
2015-07-03,1260.0,1230.0,1235.0,1256.6700439453125,1885800.0,1142.5091552734375
2015-07-06,1263.3299560546875,1231.6700439453125,1235.0,1260.0,3616200.0,1145.536376953125
2015-07-07,1278.3299560546875,1253.3299560546875,1263.3299560546875,1273.3299560546875,4293000.0,1157.6552734375
2015-07-08,1263.3299560546875,1231.6700439453125,1260.0,1235.0,4322400.0,1122.8076171875
2015-07-09,1218.3299560546875,1173.3299560546875,1203.3299560546875,1198.3299560546875,7922100.0,1089.4686279296875
2015-07-10,1223.3299560546875,1191.6700439453125,1208.3299560546875,1193.3299560546875,5223600.0,1084.9229736328125
2015-07-13,1208.3299560546875,1195.0,1196.6700439453125,1200.0,3035100.0,1090.9871826171875
2015-07-14,1220.0,1201.6700439453125,1218.3299560546875,1206.6700439453125,3103800.0,1097.0511474609375
2015-07-15,1231.6700439453125,1210.0,1220.0,1225.0,3285300.0,1113.7159423828125
2015-07-16,1261.6700439453125,1238.3299560546875,1255.0,1258.3299560546875,4021800.0,1144.01806640625
2015-07-17,1278.3299560546875,1256.6700439453125,1258.3299560546875,1276.6700439453125,4003500.0,1160.692138671875
2015-07-21,1280.0,1265.0,1266.6700439453125,1278.3299560546875,1910700.0,1162.201171875
2015-07-22,1276.6700439453125,1258.3299560546875,1266.6700439453125,1265.0,2115900.0,1150.0821533203125
2015-07-23,1270.0,1256.6700439453125,1270.0,1260.0,1304100.0,1145.536376953125
2015-07-24,1273.3299560546875,1263.3299560546875,1273.3299560546875,1270.0,1983600.0,1154.6279296875
2015-07-27,1288.3299560546875,1273.3299560546875,1280.0,1278.3299560546875,3827100.0,1162.201171875
2015-07-28,1286.6700439453125,1260.0,1266.6700439453125,1283.3299560546875,3365700.0,1166.7469482421875
2015-07-29,1286.6700439453125,1271.6700439453125,1286.6700439453125,1283.3299560546875,2341500.0,1166.7469482421875
2015-07-30,1281.6700439453125,1271.6700439453125,1280.0,1275.0,2174700.0,1159.1737060546875
2015-07-31,1316.6700439453125,1281.6700439453125,1283.3299560546875,1303.3299560546875,6272700.0,1184.93017578125
2015-08-03,1301.6700439453125,1276.6700439453125,1296.6700439453125,1300.0,2356500.0,1181.902587890625
2015-08-04,1313.3299560546875,1291.6700439453125,1303.3299560546875,1300.0,2857500.0,1181.902587890625
2015-08-05,1315.0,1295.0,1300.0,1310.0,2796300.0,1190.994140625
2015-08-06,1318.3299560546875,1305.0,1316.6700439453125,1305.0,1971300.0,1186.4483642578125
2015-08-07,1311.6700439453125,1298.3299560546875,1306.6700439453125,1311.6700439453125,1484700.0,1192.512451171875
2015-08-10,1331.6700439453125,1313.3299560546875,1320.0,1330.0,2949600.0,1209.1771240234375
2015-08-11,1318.3299560546875,1280.0,1306.6700439453125,1303.3299560546875,4336500.0,1184.93017578125
2015-08-12,1311.6700439453125,1293.3299560546875,1296.6700439453125,1303.3299560546875,3171300.0,1184.93017578125
2015-08-13,1298.3299560546875,1273.3299560546875,1293.3299560546875,1288.3299560546875,2667900.0,1171.292724609375
2015-08-14,1315.0,1295.0,1298.3299560546875,1310.0,2076600.0,1190.994140625
2015-08-17,1333.3299560546875,1310.0,1315.0,1323.3299560546875,3849900.0,1203.1131591796875
2015-08-18,1318.3299560546875,1291.6700439453125,1308.3299560546875,1295.0,2055000.0,1177.356689453125
2015-08-19,1313.3299560546875,1288.3299560546875,1288.3299560546875,1298.3299560546875,2968200.0,1180.3843994140625
2015-08-20,1320.0,1291.6700439453125,1293.3299560546875,1316.6700439453125,4151100.0,1197.0582275390625
2015-08-21,1295.0,1275.0,1275.0,1286.6700439453125,3755700.0,1169.78369140625
2015-08-24,1263.3299560546875,1206.6700439453125,1240.0,1206.6700439453125,6755400.0,1097.0511474609375
2015-08-25,1206.6700439453125,1093.3299560546875,1166.6700439453125,1161.6700439453125,6517200.0,1056.1390380859375
2015-08-26,1236.6700439453125,1161.6700439453125,1166.6700439453125,1230.0,7244100.0,1118.26171875
2015-08-27,1248.3299560546875,1220.0,1245.0,1245.0,5627100.0,1131.8990478515625
2015-08-28,1278.3299560546875,1250.0,1266.6700439453125,1255.0,3393600.0,1140.9906005859375
2015-08-31,1248.3299560546875,1218.3299560546875,1235.0,1243.3299560546875,2686200.0,1130.3807373046875
2015-09-01,1233.3299560546875,1206.6700439453125,1230.0,1206.6700439453125,2340000.0,1097.0511474609375
2015-09-02,1211.6700439453125,1170.0,1176.6700439453125,1186.6700439453125,3107700.0,1078.8681640625
2015-09-03,1211.6700439453125,1176.6700439453125,1200.0,1176.6700439453125,3089400.0,1069.7764892578125
2015-09-04,1193.3299560546875,1151.6700439453125,1193.3299560546875,1161.6700439453125,2815200.0,1056.1390380859375
2015-09-07,1165.0,1133.3299560546875,1153.3299560546875,1160.0,3267600.0,1054.620849609375
2015-09-08,1170.0,1141.6700439453125,1170.0,1145.0,3289500.0,1040.9833984375
2015-09-09,1211.6700439453125,1163.3299560546875,1183.3299560546875,1211.6700439453125,3090900.0,1101.5968017578125
2015-09-10,1221.6700439453125,1186.6700439453125,1188.3299560546875,1210.0,4548000.0,1100.07861328125
2015-09-11,1236.6700439453125,1186.6700439453125,1186.6700439453125,1228.3299560546875,5039100.0,1116.743408203125
2015-09-14,1248.3299560546875,1228.3299560546875,1248.3299560546875,1228.3299560546875,3164700.0,1116.743408203125
2015-09-15,1228.3299560546875,1205.0,1225.0,1213.3299560546875,4007100.0,1103.106201171875
2015-09-16,1220.0,1201.6700439453125,1213.3299560546875,1210.0,1811100.0,1100.07861328125
2015-09-17,1223.3299560546875,1205.0,1206.6700439453125,1216.6700439453125,2141700.0,1106.1427001953125
2015-09-18,1238.3299560546875,1205.0,1210.0,1228.3299560546875,3765300.0,1116.743408203125
2015-09-24,1230.0,1203.3299560546875,1216.6700439453125,1206.6700439453125,5400000.0,1097.0511474609375
2015-09-25,1218.3299560546875,1181.6700439453125,1216.6700439453125,1193.3299560546875,5213100.0,1084.9229736328125
2015-09-28,1261.6700439453125,1213.3299560546875,1220.0,1258.3299560546875,7449300.0,1144.01806640625
2015-09-29,1248.3299560546875,1205.0,1248.3299560546875,1220.0,7558200.0,1109.170166015625
2015-09-30,1210.0,1175.0,1200.0,1193.3299560546875,10389300.0,1084.9229736328125
2015-10-01,1215.0,1193.3299560546875,1208.3299560546875,1200.0,7164000.0,1090.9871826171875
2015-10-02,1238.3299560546875,1196.6700439453125,1198.3299560546875,1236.6700439453125,4436100.0,1124.3258056640625
2015-10-05,1268.3299560546875,1243.3299560546875,1250.0,1255.0,6936300.0,1140.9906005859375
2015-10-06,1273.3299560546875,1233.3299560546875,1266.6700439453125,1241.6700439453125,6942600.0,1128.87158203125
2015-10-07,1258.3299560546875,1231.6700439453125,1253.3299560546875,1255.0,5894100.0,1140.9906005859375
2015-10-08,1286.6700439453125,1251.6700439453125,1255.0,1256.6700439453125,9259500.0,1142.5091552734375
2015-10-09,1263.3299560546875,1220.0,1263.3299560546875,1226.6700439453125,6856500.0,1115.2342529296875
2015-10-13,1231.6700439453125,1203.3299560546875,1205.0,1220.0,4815300.0,1109.170166015625
2015-10-14,1218.3299560546875,1196.6700439453125,1213.3299560546875,1206.6700439453125,6258900.0,1097.0511474609375
2015-10-15,1243.3299560546875,1220.0,1223.3299560546875,1240.0,5014800.0,1127.353271484375
2015-10-16,1251.6700439453125,1223.3299560546875,1243.3299560546875,1228.3299560546875,6863700.0,1116.743408203125
2015-10-19,1240.0,1216.6700439453125,1223.3299560546875,1226.6700439453125,4680000.0,1115.2342529296875
2015-10-20,1248.3299560546875,1226.6700439453125,1238.3299560546875,1231.6700439453125,3766800.0,1119.77978515625
2015-10-21,1248.3299560546875,1226.6700439453125,1231.6700439453125,1245.0,2793600.0,1131.8990478515625
2015-10-22,1253.3299560546875,1233.3299560546875,1238.3299560546875,1233.3299560546875,2800800.0,1121.2891845703125
2015-10-23,1263.3299560546875,1246.6700439453125,1256.6700439453125,1263.3299560546875,4256400.0,1148.56396484375
2015-10-26,1283.3299560546875,1261.6700439453125,1273.3299560546875,1265.0,2843400.0,1150.0821533203125
2015-10-27,1285.0,1265.0,1271.6700439453125,1273.3299560546875,4687500.0,1157.6552734375
2015-10-28,1293.3299560546875,1266.6700439453125,1280.0,1285.0,6638400.0,1168.265380859375
2015-10-29,1301.6700439453125,1275.0,1293.3299560546875,1278.3299560546875,34284000.0,1162.201171875
2015-10-30,1306.6700439453125,1278.3299560546875,1281.6700439453125,1300.0,11061300.0,1181.902587890625
2015-11-02,1295.0,1268.3299560546875,1280.0,1273.3299560546875,4052100.0,1157.6552734375
2015-11-04,1296.6700439453125,1268.3299560546875,1271.6700439453125,1286.6700439453125,3251700.0,1169.78369140625
2015-11-05,1303.3299560546875,1280.0,1285.0,1296.6700439453125,3922800.0,1178.875244140625
2015-11-06,1305.0,1288.3299560546875,1301.6700439453125,1300.0,3055500.0,1181.902587890625
2015-11-09,1306.6700439453125,1278.3299560546875,1298.3299560546875,1298.3299560546875,3764400.0,1180.3843994140625
2015-11-10,1295.0,1278.3299560546875,1283.3299560546875,1291.6700439453125,2992500.0,1174.329345703125
2015-11-11,1331.6700439453125,1295.0,1316.6700439453125,1301.6700439453125,6831000.0,1183.4208984375
2015-11-12,1305.0,1286.6700439453125,1298.3299560546875,1295.0,3045000.0,1177.356689453125
2015-11-13,1300.0,1283.3299560546875,1286.6700439453125,1286.6700439453125,3148200.0,1169.78369140625
2015-11-16,1296.6700439453125,1273.3299560546875,1275.0,1293.3299560546875,2987400.0,1175.8385009765625
2015-11-17,1303.3299560546875,1280.0,1295.0,1293.3299560546875,3811500.0,1175.8385009765625
2015-11-18,1308.3299560546875,1295.0,1301.6700439453125,1306.6700439453125,2944200.0,1187.966796875
2015-11-19,1311.6700439453125,1283.3299560546875,1311.6700439453125,1286.6700439453125,4788000.0,1169.78369140625
2015-11-20,1295.0,1273.3299560546875,1275.0,1293.3299560546875,5314800.0,1175.8385009765625
2015-11-24,1303.3299560546875,1290.0,1290.0,1300.0,3631800.0,1181.902587890625
2015-11-25,1293.3299560546875,1270.0,1293.3299560546875,1276.6700439453125,4626900.0,1160.692138671875
2015-11-26,1283.3299560546875,1271.6700439453125,1276.6700439453125,1276.6700439453125,3639000.0,1160.692138671875
2015-11-27,1285.0,1273.3299560546875,1281.6700439453125,1278.3299560546875,2907900.0,1162.201171875
2015-11-30,1286.6700439453125,1268.3299560546875,1273.3299560546875,1281.6700439453125,4288200.0,1165.23779296875
2015-12-01,1296.6700439453125,1280.0,1280.0,1288.3299560546875,4038300.0,1171.292724609375
2015-12-02,1288.3299560546875,1271.6700439453125,1276.6700439453125,1283.3299560546875,2162700.0,1166.7469482421875
2015-12-03,1286.6700439453125,1275.0,1285.0,1276.6700439453125,2526300.0,1160.692138671875
2015-12-04,1258.3299560546875,1235.0,1253.3299560546875,1241.6700439453125,4293000.0,1128.87158203125
2015-12-07,1261.6700439453125,1238.3299560546875,1238.3299560546875,1250.0,4091400.0,1136.44482421875
2015-12-08,1258.3299560546875,1241.6700439453125,1256.6700439453125,1241.6700439453125,2697300.0,1128.87158203125
2015-12-09,1233.3299560546875,1211.6700439453125,1230.0,1213.3299560546875,6420000.0,1103.106201171875
2015-12-10,1218.3299560546875,1205.0,1205.0,1210.0,3866400.0,1100.07861328125
2015-12-11,1218.3299560546875,1206.6700439453125,1206.6700439453125,1213.3299560546875,5681700.0,1103.106201171875
2015-12-14,1201.6700439453125,1180.0,1186.6700439453125,1198.3299560546875,5295000.0,1089.4686279296875
2015-12-15,1218.3299560546875,1195.0,1201.6700439453125,1200.0,5088600.0,1090.9871826171875
2015-12-16,1221.6700439453125,1208.3299560546875,1213.3299560546875,1216.6700439453125,4433700.0,1106.1427001953125
2015-12-17,1238.3299560546875,1221.6700439453125,1233.3299560546875,1228.3299560546875,4434300.0,1116.743408203125
2015-12-18,1243.3299560546875,1215.0,1226.6700439453125,1215.0,5432100.0,1104.6243896484375
2015-12-21,1221.6700439453125,1195.0,1201.6700439453125,1205.0,4296000.0,1095.5328369140625
2015-12-22,1220.0,1206.6700439453125,1220.0,1206.6700439453125,2144100.0,1097.0511474609375
2015-12-24,1223.3299560546875,1178.3299560546875,1213.3299560546875,1180.0,5623800.0,1072.803955078125
2015-12-25,1176.6700439453125,1163.3299560546875,1170.0,1168.3299560546875,3931500.0,1062.1939697265625
2015-12-28,1186.6700439453125,1170.0,1180.0,1178.3299560546875,2306100.0,1071.28564453125
2015-12-29,1196.6700439453125,1173.3299560546875,1173.3299560546875,1190.0,3118200.0,1081.8955078125
2015-12-30,1205.0,1186.6700439453125,1196.6700439453125,1186.6700439453125,2499900.0,1078.8681640625
2016-01-04,1195.0,1168.3299560546875,1190.0,1170.0,2538000.0,1063.71240234375
2016-01-05,1201.6700439453125,1166.6700439453125,1166.6700439453125,1193.3299560546875,6963300.0,1084.9229736328125
2016-01-06,1206.6700439453125,1171.6700439453125,1200.0,1175.0,6851400.0,1068.2581787109375
2016-01-07,1186.6700439453125,1171.6700439453125,1175.0,1173.3299560546875,4971300.0,1066.7398681640625
2016-01-08,1193.3299560546875,1166.6700439453125,1166.6700439453125,1168.3299560546875,7145100.0,1062.1939697265625
2016-01-12,1178.3299560546875,1136.6700439453125,1166.6700439453125,1136.6700439453125,5822100.0,1033.4102783203125
2016-01-13,1183.3299560546875,1145.0,1145.0,1176.6700439453125,5136300.0,1069.7764892578125
2016-01-14,1171.6700439453125,1138.3299560546875,1153.3299560546875,1160.0,6559200.0,1054.620849609375
2016-01-15,1188.3299560546875,1160.0,1176.6700439453125,1170.0,4854900.0,1063.71240234375
2016-01-18,1180.0,1150.0,1170.0,1176.6700439453125,7627500.0,1069.7764892578125
2016-01-19,1213.3299560546875,1176.6700439453125,1178.3299560546875,1188.3299560546875,7479000.0,1080.3770751953125
2016-01-20,1201.6700439453125,1138.3299560546875,1193.3299560546875,1141.6700439453125,6383100.0,1037.9559326171875
2016-01-21,1155.0,1095.0,1141.6700439453125,1096.6700439453125,8086500.0,997.0440063476562
2016-01-22,1160.0,1128.3299560546875,1133.3299560546875,1160.0,4138200.0,1054.620849609375
2016-01-25,1200.0,1171.6700439453125,1183.3299560546875,1196.6700439453125,4207200.0,1087.9595947265625
2016-01-26,1208.3299560546875,1176.6700439453125,1183.3299560546875,1200.0,6206100.0,1090.9871826171875
2016-01-27,1230.0,1213.3299560546875,1230.0,1223.3299560546875,7532100.0,1112.1976318359375
2016-01-28,1236.6700439453125,1213.3299560546875,1225.0,1223.3299560546875,4416900.0,1112.1976318359375
2016-01-29,1266.6700439453125,1226.6700439453125,1236.6700439453125,1261.6700439453125,8519400.0,1147.0546875
2016-02-01,1290.0,1260.0,1266.6700439453125,1273.3299560546875,5967600.0,1157.6552734375
2016-02-02,1288.3299560546875,1261.6700439453125,1266.6700439453125,1281.6700439453125,4649700.0,1165.23779296875
2016-02-03,1276.6700439453125,1248.3299560546875,1261.6700439453125,1273.3299560546875,3269400.0,1157.6552734375
2016-02-04,1258.3299560546875,1236.6700439453125,1248.3299560546875,1245.0,3569700.0,1131.8990478515625
2016-02-05,1236.6700439453125,1211.6700439453125,1221.6700439453125,1225.0,3894900.0,1113.7159423828125
2016-02-08,1248.3299560546875,1206.6700439453125,1216.6700439453125,1240.0,2639400.0,1127.353271484375
2016-02-09,1216.6700439453125,1180.0,1200.0,1193.3299560546875,4532100.0,1084.9229736328125
2016-02-10,1191.6700439453125,1121.6700439453125,1185.0,1136.6700439453125,6993000.0,1033.4102783203125
2016-02-12,1101.6700439453125,1063.3299560546875,1090.0,1075.0,8516700.0,977.3424682617188
2016-02-15,1165.0,1111.6700439453125,1133.3299560546875,1153.3299560546875,5406600.0,1048.5567626953125
2016-02-16,1163.3299560546875,1133.3299560546875,1140.0,1138.3299560546875,6494100.0,1034.9193115234375
2016-02-17,1138.3299560546875,1106.6700439453125,1126.6700439453125,1118.3299560546875,4693500.0,1016.7361450195312
2016-02-18,1158.3299560546875,1126.6700439453125,1155.0,1130.0,4749300.0,1027.34619140625
2016-02-19,1131.6700439453125,1103.3299560546875,1125.0,1106.6700439453125,3800400.0,1006.1355590820312
2016-02-22,1133.3299560546875,1096.6700439453125,1101.6700439453125,1126.6700439453125,2580600.0,1024.3187255859375
2016-02-23,1133.3299560546875,1101.6700439453125,1128.3299560546875,1105.0,3171600.0,1004.6171875
2016-02-24,1103.3299560546875,1086.6700439453125,1096.6700439453125,1096.6700439453125,3101100.0,997.0440063476562
2016-02-25,1116.6700439453125,1093.3299560546875,1098.3299560546875,1101.6700439453125,5238900.0,1001.5896606445312
2016-02-26,1133.3299560546875,1110.0,1110.0,1130.0,4881900.0,1027.34619140625
2016-02-29,1153.3299560546875,1115.0,1141.6700439453125,1116.6700439453125,7684200.0,1015.2271118164062
2016-03-01,1130.0,1111.6700439453125,1115.0,1123.3299560546875,3746100.0,1021.2820434570312
2016-03-02,1170.0,1146.6700439453125,1153.3299560546875,1161.6700439453125,4068900.0,1056.1390380859375
2016-03-03,1166.6700439453125,1146.6700439453125,1155.0,1165.0,3970200.0,1059.166748046875
2016-03-04,1173.3299560546875,1155.0,1158.3299560546875,1171.6700439453125,3821400.0,1065.230712890625
2016-03-07,1173.3299560546875,1155.0,1171.6700439453125,1156.6700439453125,2309700.0,1051.59326171875
2016-03-08,1160.0,1133.3299560546875,1155.0,1145.0,3707400.0,1040.9833984375
2016-03-09,1155.0,1128.3299560546875,1133.3299560546875,1135.0,3207300.0,1031.8917236328125
2016-03-10,1171.6700439453125,1145.0,1146.6700439453125,1170.0,3254400.0,1063.71240234375
2016-03-11,1168.3299560546875,1146.6700439453125,1158.3299560546875,1160.0,4642800.0,1054.620849609375
2016-03-14,1173.3299560546875,1156.6700439453125,1171.6700439453125,1170.0,2742600.0,1063.71240234375
2016-03-15,1185.0,1163.3299560546875,1168.3299560546875,1168.3299560546875,3561900.0,1062.1939697265625
2016-03-16,1181.6700439453125,1155.0,1158.3299560546875,1161.6700439453125,2895600.0,1056.1390380859375
2016-03-17,1181.6700439453125,1146.6700439453125,1171.6700439453125,1155.0,2928000.0,1050.074951171875
2016-03-18,1151.6700439453125,1123.3299560546875,1148.3299560546875,1130.0,10092300.0,1027.34619140625
2016-03-22,1151.6700439453125,1128.3299560546875,1146.6700439453125,1141.6700439453125,3805500.0,1037.9559326171875
2016-03-23,1153.3299560546875,1130.0,1141.6700439453125,1143.3299560546875,4461600.0,1039.46533203125
2016-03-24,1161.6700439453125,1145.0,1145.0,1155.0,3129000.0,1050.074951171875
2016-03-25,1178.3299560546875,1150.0,1165.0,1153.3299560546875,2446500.0,1048.5567626953125
2016-03-28,1176.6700439453125,1160.0,1166.6700439453125,1176.6700439453125,3238800.0,1069.7764892578125
2016-03-29,1176.6700439453125,1160.0,1166.6700439453125,1165.0,2205900.0,1106.1708984375
2016-03-30,1170.0,1148.3299560546875,1156.6700439453125,1148.3299560546875,2627100.0,1090.342529296875
2016-03-31,1166.6700439453125,1145.0,1158.3299560546875,1145.0,2639100.0,1087.180908203125
2016-04-01,1153.3299560546875,1120.0,1153.3299560546875,1130.0,3588300.0,1072.9383544921875
2016-04-04,1135.0,1111.6700439453125,1130.0,1120.0,4361100.0,1063.4432373046875
2016-04-05,1133.3299560546875,1106.6700439453125,1126.6700439453125,1111.6700439453125,5037600.0,1055.5338134765625
2016-04-06,1111.6700439453125,1100.0,1110.0,1103.3299560546875,4208400.0,1047.614990234375
2016-04-07,1125.0,1090.0,1106.6700439453125,1095.0,4725000.0,1039.7056884765625
2016-04-08,1118.3299560546875,1078.3299560546875,1083.3299560546875,1101.6700439453125,3976500.0,1046.0389404296875
2016-04-11,1093.3299560546875,1075.0,1086.6700439453125,1088.3299560546875,4427400.0,1033.3724365234375
2016-04-12,1103.3299560546875,1078.3299560546875,1083.3299560546875,1086.6700439453125,3950700.0,1031.7962646484375
2016-04-13,1108.3299560546875,1083.3299560546875,1093.3299560546875,1103.3299560546875,4615800.0,1047.614990234375
2016-04-14,1131.6700439453125,1115.0,1120.0,1130.0,4079700.0,1072.9383544921875
2016-04-15,1133.3299560546875,1118.3299560546875,1123.3299560546875,1126.6700439453125,3194100.0,1069.7764892578125
2016-04-18,1103.3299560546875,1086.6700439453125,1093.3299560546875,1095.0,4401900.0,1039.7056884765625
2016-04-19,1128.3299560546875,1106.6700439453125,1118.3299560546875,1125.0,2783100.0,1068.1907958984375
2016-04-20,1153.3299560546875,1130.0,1133.3299560546875,1146.6700439453125,4191300.0,1088.7664794921875
2016-04-21,1165.0,1146.6700439453125,1155.0,1158.3299560546875,2817000.0,1099.837646484375
2016-04-22,1171.6700439453125,1150.0,1155.0,1171.6700439453125,3896100.0,1112.504150390625
2016-04-25,1176.6700439453125,1151.6700439453125,1175.0,1156.6700439453125,2372400.0,1098.2615966796875
2016-04-26,1173.3299560546875,1138.3299560546875,1170.0,1161.6700439453125,4129200.0,1103.0089111328125
2016-04-27,1165.0,1145.0,1165.0,1155.0,3123600.0,1096.6759033203125
2016-04-28,1166.6700439453125,1135.0,1165.0,1138.3299560546875,5240100.0,1080.8475341796875
2016-05-02,1115.0,1090.0,1093.3299560546875,1111.6700439453125,4905000.0,1055.5338134765625
2016-05-06,1121.6700439453125,1101.6700439453125,1103.3299560546875,1118.3299560546875,3542400.0,1061.857666015625
2016-05-09,1136.6700439453125,1120.0,1131.6700439453125,1130.0,3286200.0,1072.9383544921875
2016-05-10,1163.3299560546875,1131.6700439453125,1133.3299560546875,1161.6700439453125,3789300.0,1103.0089111328125
2016-05-11,1170.0,1153.3299560546875,1160.0,1166.6700439453125,4015800.0,1107.756591796875
2016-05-12,1168.3299560546875,1140.0,1156.6700439453125,1168.3299560546875,3171900.0,1109.332763671875
2016-05-13,1213.3299560546875,1183.3299560546875,1183.3299560546875,1200.0,8591100.0,1139.4034423828125
2016-05-16,1215.0,1185.0,1188.3299560546875,1193.3299560546875,6270300.0,1133.0703125
2016-05-17,1206.6700439453125,1185.0,1193.3299560546875,1198.3299560546875,4262700.0,1137.8177490234375
2016-05-18,1210.0,1195.0,1198.3299560546875,1205.0,5457000.0,1144.15087890625
2016-05-19,1211.6700439453125,1200.0,1211.6700439453125,1206.6700439453125,4265700.0,1145.736572265625
2016-05-20,1230.0,1195.0,1198.3299560546875,1225.0,9695400.0,1163.1409912109375
2016-05-23,1243.3299560546875,1220.0,1225.0,1221.6700439453125,8474700.0,1159.979248046875
2016-05-24,1228.3299560546875,1211.6700439453125,1226.6700439453125,1226.6700439453125,5465100.0,1164.7266845703125
2016-05-25,1245.0,1228.3299560546875,1235.0,1238.3299560546875,5840400.0,1175.7978515625
2016-05-26,1255.0,1240.0,1250.0,1243.3299560546875,4949700.0,1180.5455322265625
2016-05-27,1250.0,1238.3299560546875,1248.3299560546875,1248.3299560546875,3491400.0,1185.2928466796875
2016-05-30,1253.3299560546875,1245.0,1251.6700439453125,1250.0,3213300.0,1186.8785400390625
2016-05-31,1288.3299560546875,1241.6700439453125,1256.6700439453125,1258.3299560546875,59503200.0,1194.7879638671875
2016-06-01,1256.6700439453125,1221.6700439453125,1253.3299560546875,1236.6700439453125,10577700.0,1174.221923828125
2016-06-02,1235.0,1195.0,1225.0,1208.3299560546875,5859300.0,1147.3128662109375
2016-06-03,1248.3299560546875,1213.3299560546875,1218.3299560546875,1248.3299560546875,6751500.0,1185.2928466796875
2016-06-06,1235.0,1218.3299560546875,1226.6700439453125,1235.0,3190200.0,1172.635986328125
2016-06-07,1260.0,1241.6700439453125,1245.0,1258.3299560546875,4463100.0,1194.7879638671875
2016-06-08,1276.6700439453125,1253.3299560546875,1258.3299560546875,1276.6700439453125,5295900.0,1212.201904296875
2016-06-09,1275.0,1256.6700439453125,1271.6700439453125,1263.3299560546875,5574600.0,1199.5352783203125
2016-06-10,1276.6700439453125,1256.6700439453125,1273.3299560546875,1271.6700439453125,5402700.0,1207.454345703125
2016-06-13,1270.0,1248.3299560546875,1270.0,1251.6700439453125,3966900.0,1188.46435546875
2016-06-14,1275.0,1240.0,1258.3299560546875,1270.0,6129600.0,1205.8687744140625
2016-06-15,1268.3299560546875,1250.0,1261.6700439453125,1258.3299560546875,4861200.0,1194.7879638671875
2016-06-16,1256.6700439453125,1230.0,1251.6700439453125,1231.6700439453125,4431000.0,1169.4742431640625
2016-06-17,1255.0,1236.6700439453125,1240.0,1241.6700439453125,6039900.0,1178.96923828125
2016-06-20,1271.6700439453125,1256.6700439453125,1263.3299560546875,1260.0,3455700.0,1196.3736572265625
2016-06-21,1276.6700439453125,1261.6700439453125,1265.0,1276.6700439453125,5172600.0,1212.201904296875
2016-06-22,1268.3299560546875,1250.0,1268.3299560546875,1263.3299560546875,2812200.0,1199.5352783203125
2016-06-23,1265.0,1248.3299560546875,1265.0,1263.3299560546875,3648600.0,1199.5352783203125
2016-06-24,1273.3299560546875,1186.6700439453125,1270.0,1216.6700439453125,6656100.0,1155.231689453125
2016-06-27,1258.3299560546875,1225.0,1230.0,1255.0,5436300.0,1191.6260986328125
2016-06-28,1276.6700439453125,1236.6700439453125,1238.3299560546875,1260.0,5855100.0,1196.3736572265625
2016-06-29,1276.6700439453125,1255.0,1270.0,1260.0,4958100.0,1196.3736572265625
2016-06-30,1261.6700439453125,1245.0,1255.0,1245.0,5400000.0,1182.1312255859375
2016-07-01,1250.0,1220.0,1226.6700439453125,1243.3299560546875,4990500.0,1180.5455322265625
2016-07-04,1246.6700439453125,1230.0,1231.6700439453125,1241.6700439453125,3739500.0,1178.96923828125
2016-07-05,1251.6700439453125,1230.0,1250.0,1243.3299560546875,3719400.0,1180.5455322265625
2016-07-06,1251.6700439453125,1220.0,1233.3299560546875,1248.3299560546875,6437700.0,1185.2928466796875
2016-07-07,1263.3299560546875,1246.6700439453125,1255.0,1261.6700439453125,4113600.0,1197.95947265625
2016-07-08,1270.0,1251.6700439453125,1261.6700439453125,1253.3299560546875,4270200.0,1190.0404052734375
2016-07-11,1296.6700439453125,1263.3299560546875,1263.3299560546875,1285.0,6177300.0,1220.111328125
2016-07-12,1313.3299560546875,1295.0,1298.3299560546875,1296.6700439453125,5978400.0,1231.19189453125
2016-07-13,1318.3299560546875,1305.0,1316.6700439453125,1313.3299560546875,6638400.0,1247.0106201171875
2016-07-14,1330.0,1310.0,1316.6700439453125,1323.3299560546875,6980700.0,1256.505615234375
2016-07-15,1318.3299560546875,1291.6700439453125,1313.3299560546875,1303.3299560546875,5556000.0,1237.515380859375
2016-07-19,1333.3299560546875,1300.0,1313.3299560546875,1333.3299560546875,5059500.0,1266.0006103515625
2016-07-20,1341.6700439453125,1323.3299560546875,1331.6700439453125,1335.0,4815000.0,1267.58642578125
2016-07-21,1340.0,1308.3299560546875,1336.6700439453125,1315.0,4617900.0,1248.596435546875
2016-07-22,1316.6700439453125,1288.3299560546875,1293.3299560546875,1316.6700439453125,4389600.0,1250.181884765625
2016-07-25,1330.0,1310.0,1326.6700439453125,1316.6700439453125,2781300.0,1250.181884765625
2016-07-26,1320.0,1301.6700439453125,1316.6700439453125,1306.6700439453125,2685000.0,1240.68701171875
2016-07-27,1318.3299560546875,1296.6700439453125,1316.6700439453125,1305.0,3859500.0,1239.1011962890625
2016-07-28,1305.0,1286.6700439453125,1293.3299560546875,1300.0,2678400.0,1234.353759765625
2016-07-29,1311.6700439453125,1280.0,1303.3299560546875,1308.3299560546875,3437700.0,1242.2630615234375
2016-08-01,1308.3299560546875,1276.6700439453125,1290.0,1305.0,2613300.0,1239.1011962890625
2016-08-02,1310.0,1298.3299560546875,1305.0,1298.3299560546875,1892100.0,1232.76806640625
2016-08-03,1300.0,1273.3299560546875,1280.0,1293.3299560546875,2458200.0,1228.0206298828125
2016-08-04,1293.3299560546875,1265.0,1291.6700439453125,1270.0,3219300.0,1205.8687744140625
2016-08-05,1271.6700439453125,1243.3299560546875,1255.0,1246.6700439453125,3884400.0,1183.716796875
2016-08-08,1256.6700439453125,1221.6700439453125,1246.6700439453125,1256.6700439453125,4238400.0,1193.2117919921875
2016-08-09,1271.6700439453125,1245.0,1248.3299560546875,1270.0,2252400.0,1205.8687744140625
2016-08-10,1350.0,1313.3299560546875,1316.6700439453125,1336.6700439453125,9028800.0,1269.172119140625
2016-08-12,1363.3299560546875,1335.0,1343.3299560546875,1355.0,6056700.0,1286.576416015625
2016-08-15,1363.3299560546875,1335.0,1335.0,1360.0,2598300.0,1291.323974609375
2016-08-16,1371.6700439453125,1346.6700439453125,1350.0,1361.6700439453125,4488300.0,1292.90966796875
2016-08-17,1365.0,1353.3299560546875,1360.0,1355.0,3051600.0,1286.576416015625
2016-08-18,1371.6700439453125,1358.3299560546875,1365.0,1368.3299560546875,4593600.0,1299.2332763671875
2016-08-19,1370.0,1343.3299560546875,1370.0,1360.0,4225800.0,1291.323974609375
2016-08-22,1386.6700439453125,1366.6700439453125,1370.0,1383.3299560546875,5347500.0,1313.475830078125
2016-08-23,1393.3299560546875,1376.6700439453125,1383.3299560546875,1376.6700439453125,4014900.0,1307.1522216796875
2016-08-24,1383.3299560546875,1368.3299560546875,1376.6700439453125,1378.3299560546875,3254700.0,1308.7281494140625
2016-08-25,1328.3299560546875,1276.6700439453125,1308.3299560546875,1308.3299560546875,10031400.0,1242.2630615234375
2016-08-26,1305.0,1280.0,1303.3299560546875,1290.0,4987500.0,1224.8587646484375
2016-08-29,1333.3299560546875,1300.0,1300.0,1318.3299560546875,6138600.0,1251.7581787109375
2016-08-30,1321.6700439453125,1296.6700439453125,1320.0,1315.0,3262500.0,1248.596435546875
2016-08-31,1315.0,1301.6700439453125,1315.0,1311.6700439453125,2746200.0,1245.4345703125
2016-09-01,1328.3299560546875,1306.6700439453125,1311.6700439453125,1321.6700439453125,3839100.0,1254.9295654296875
2016-09-02,1341.6700439453125,1313.3299560546875,1316.6700439453125,1330.0,5281800.0,1262.8389892578125
2016-09-05,1343.3299560546875,1328.3299560546875,1340.0,1336.6700439453125,2360100.0,1269.172119140625
2016-09-06,1360.0,1330.0,1336.6700439453125,1351.6700439453125,5754600.0,1283.4146728515625
2016-09-07,1405.0,1363.3299560546875,1363.3299560546875,1400.0,13793400.0,1329.3040771484375
2016-09-08,1408.3299560546875,1388.3299560546875,1400.0,1398.3299560546875,7728300.0,1327.71826171875
2016-09-09,1398.3299560546875,1373.3299560546875,1398.3299560546875,1385.0,9345900.0,1315.0615234375
2016-09-12,1356.6700439453125,1303.3299560546875,1338.3299560546875,1305.0,23494500.0,1239.1011962890625
2016-09-13,1303.3299560546875,1283.3299560546875,1300.0,1296.6700439453125,27632400.0,1231.19189453125
2016-09-14,1291.6700439453125,1273.3299560546875,1288.3299560546875,1273.3299560546875,10005600.0,1209.030517578125
2016-09-15,1295.0,1276.6700439453125,1285.0,1291.6700439453125,9753000.0,1226.4444580078125
2016-09-16,1296.6700439453125,1285.0,1290.0,1293.3299560546875,7399800.0,1228.0206298828125
2016-09-20,1291.6700439453125,1273.3299560546875,1281.6700439453125,1278.3299560546875,8478600.0,1213.77783203125
2016-09-21,1298.3299560546875,1263.3299560546875,1278.3299560546875,1298.3299560546875,62301300.0,1232.76806640625
2016-09-23,1345.0,1303.3299560546875,1316.6700439453125,1343.3299560546875,22120500.0,1275.495849609375
2016-09-26,1365.0,1335.0,1360.0,1346.6700439453125,8331000.0,1278.6669921875
2016-09-27,1366.6700439453125,1336.6700439453125,1350.0,1366.6700439453125,8590500.0,1297.6571044921875
2016-09-28,1378.3299560546875,1360.0,1366.6700439453125,1376.6700439453125,7321200.0,1307.1522216796875
2016-09-29,1388.3299560546875,1363.3299560546875,1376.6700439453125,1375.0,11744700.0,1305.56640625
2016-09-30,1381.6700439453125,1360.0,1380.0,1370.0,8215500.0,1300.8189697265625
2016-10-03,1391.6700439453125,1361.6700439453125,1371.6700439453125,1383.3299560546875,6510300.0,1313.475830078125
2016-10-04,1395.0,1380.0,1383.3299560546875,1393.3299560546875,5016300.0,1322.970947265625
2016-10-05,1411.6700439453125,1395.0,1398.3299560546875,1410.0,6711000.0,1338.799072265625
2016-10-06,1416.6700439453125,1390.0,1415.0,1393.3299560546875,5292000.0,1322.970947265625
2016-10-07,1390.0,1378.3299560546875,1388.3299560546875,1388.3299560546875,3399900.0,1318.2232666015625
2016-10-11,1393.3299560546875,1373.3299560546875,1391.6700439453125,1383.3299560546875,4795500.0,1313.475830078125
2016-10-12,1390.0,1371.6700439453125,1375.0,1373.3299560546875,4078800.0,1303.9808349609375
2016-10-13,1406.6700439453125,1376.6700439453125,1383.3299560546875,1396.6700439453125,7324200.0,1326.142333984375
2016-10-14,1401.6700439453125,1386.6700439453125,1391.6700439453125,1400.0,3211800.0,1329.3040771484375
2016-10-17,1405.0,1385.0,1405.0,1400.0,4306200.0,1329.3040771484375
2016-10-18,1445.0,1408.3299560546875,1416.6700439453125,1425.0,8451600.0,1353.0416259765625
2016-10-19,1426.6700439453125,1410.0,1425.0,1421.6700439453125,5227200.0,1349.8797607421875
2016-10-20,1431.6700439453125,1410.0,1418.3299560546875,1421.6700439453125,4030800.0,1349.8797607421875
2016-10-21,1423.3299560546875,1403.3299560546875,1410.0,1411.6700439453125,3861900.0,1340.3848876953125
2016-10-24,1421.6700439453125,1408.3299560546875,1411.6700439453125,1410.0,2958900.0,1338.799072265625
2016-10-25,1415.0,1386.6700439453125,1386.6700439453125,1405.0,4003200.0,1334.0516357421875
2016-10-26,1423.3299560546875,1403.3299560546875,1410.0,1421.6700439453125,3657900.0,1349.8797607421875
2016-10-27,1443.3299560546875,1428.3299560546875,1430.0,1430.0,4944300.0,1357.7890625
2016-10-28,1440.0,1406.6700439453125,1438.3299560546875,1415.0,11318400.0,1343.5465087890625
2016-10-31,1406.6700439453125,1373.3299560546875,1396.6700439453125,1406.6700439453125,5193600.0,1335.63720703125
2016-11-01,1415.0,1396.6700439453125,1410.0,1406.6700439453125,2781600.0,1335.63720703125
2016-11-02,1416.6700439453125,1393.3299560546875,1401.6700439453125,1403.3299560546875,2948700.0,1332.4656982421875
2016-11-04,1403.3299560546875,1361.6700439453125,1393.3299560546875,1378.3299560546875,4957800.0,1308.7281494140625
2016-11-07,1398.3299560546875,1376.6700439453125,1393.3299560546875,1383.3299560546875,3598200.0,1313.475830078125
2016-11-08,1400.0,1373.3299560546875,1393.3299560546875,1375.0,2872800.0,1305.56640625
2016-11-09,1406.6700439453125,1341.6700439453125,1390.0,1355.0,9363600.0,1286.576416015625
2016-11-10,1406.6700439453125,1380.0,1401.6700439453125,1388.3299560546875,4812000.0,1318.2232666015625
2016-11-11,1400.0,1375.0,1400.0,1380.0,5993100.0,1310.31396484375
2016-11-14,1396.6700439453125,1373.3299560546875,1391.6700439453125,1375.0,6024900.0,1305.56640625
2016-11-15,1408.3299560546875,1378.3299560546875,1390.0,1400.0,6139500.0,1329.3040771484375
2016-11-16,1441.6700439453125,1413.3299560546875,1418.3299560546875,1438.3299560546875,6258900.0,1365.6983642578125
2016-11-17,1465.0,1423.3299560546875,1436.6700439453125,1446.6700439453125,6203700.0,1373.617431640625
2016-11-18,1453.3299560546875,1436.6700439453125,1453.3299560546875,1440.0,3998400.0,1367.2841796875
2016-11-21,1465.0,1440.0,1443.3299560546875,1455.0,5988900.0,1381.5267333984375
2016-11-22,1468.3299560546875,1455.0,1456.6700439453125,1461.6700439453125,5454900.0,1387.8599853515625
2016-11-24,1466.6700439453125,1421.6700439453125,1466.6700439453125,1426.6700439453125,6526800.0,1354.62744140625
2016-11-25,1441.6700439453125,1420.0,1438.3299560546875,1430.0,3922800.0,1357.7890625
2016-11-28,1441.6700439453125,1428.3299560546875,1433.3299560546875,1435.0,3598500.0,1362.5367431640625
2016-11-29,1458.3299560546875,1441.6700439453125,1443.3299560546875,1448.3299560546875,3615300.0,1375.1934814453125
2016-11-30,1456.6700439453125,1435.0,1443.3299560546875,1455.0,10278600.0,1381.5267333984375
2016-12-01,1515.0,1465.0,1465.0,1498.3299560546875,8954100.0,1422.668701171875
2016-12-02,1498.3299560546875,1470.0,1490.0,1480.0,5045700.0,1405.2642822265625
2016-12-05,1478.3299560546875,1450.0,1466.6700439453125,1451.6700439453125,4341900.0,1378.3648681640625
2016-12-06,1471.6700439453125,1453.3299560546875,1468.3299560546875,1461.6700439453125,4462800.0,1387.8599853515625
2016-12-07,1480.0,1451.6700439453125,1475.0,1456.6700439453125,6477300.0,1383.1123046875
2016-12-08,1473.3299560546875,1433.3299560546875,1473.3299560546875,1436.6700439453125,4990800.0,1364.122314453125
2016-12-09,1436.6700439453125,1410.0,1413.3299560546875,1433.3299560546875,11161500.0,1360.9510498046875
2016-12-12,1463.3299560546875,1431.6700439453125,1440.0,1460.0,6716400.0,1386.274169921875
2016-12-13,1495.0,1460.0,1480.0,1486.6700439453125,6166200.0,1411.59765625
2016-12-14,1516.6700439453125,1481.6700439453125,1485.0,1501.6700439453125,6429000.0,1425.840087890625
2016-12-15,1523.3299560546875,1500.0,1511.6700439453125,1500.0,4929300.0,1424.2542724609375
2016-12-16,1510.0,1493.3299560546875,1508.3299560546875,1501.6700439453125,3416700.0,1425.840087890625
2016-12-19,1525.0,1501.6700439453125,1511.6700439453125,1515.0,4070400.0,1438.4969482421875
2016-12-20,1530.0,1493.3299560546875,1498.3299560546875,1516.6700439453125,4605000.0,1440.0826416015625
2016-12-21,1523.3299560546875,1511.6700439453125,1515.0,1516.6700439453125,2966400.0,1440.0826416015625
2016-12-22,1541.6700439453125,1518.3299560546875,1533.3299560546875,1530.0,4225800.0,1452.7393798828125
2016-12-26,1558.3299560546875,1531.6700439453125,1540.0,1551.6700439453125,3063000.0,1473.315185546875
2016-12-27,1575.0,1550.0,1558.3299560546875,1551.6700439453125,2701200.0,1473.315185546875
2016-12-28,1578.3299560546875,1555.0,1566.6700439453125,1566.6700439453125,2904600.0,1487.5577392578125
2016-12-29,1570.0,1553.3299560546875,1570.0,1563.3299560546875,2720100.0,1484.38623046875
2016-12-30,1570.0,1550.0,1550.0,1563.3299560546875,2272500.0,1484.38623046875
2017-01-04,1576.6700439453125,1545.0,1570.0,1546.6700439453125,5323500.0,1468.567626953125
2017-01-05,1566.6700439453125,1541.6700439453125,1545.0,1566.6700439453125,3044700.0,1487.5577392578125
2017-01-06,1585.0,1556.6700439453125,1560.0,1580.0,3715500.0,1500.2144775390625
2017-01-10,1580.0,1553.3299560546875,1571.6700439453125,1555.0,5528400.0,1476.47705078125
2017-01-11,1568.3299560546875,1543.3299560546875,1546.6700439453125,1566.6700439453125,2797200.0,1487.5577392578125
2017-01-12,1600.0,1571.6700439453125,1590.0,1595.0,5247600.0,1514.45703125
2017-01-13,1596.6700439453125,1585.0,1593.3299560546875,1593.3299560546875,2462700.0,1512.871337890625
2017-01-16,1630.0,1590.0,1593.3299560546875,1625.0,5396100.0,1542.942138671875
2017-01-17,1656.6700439453125,1625.0,1638.3299560546875,1626.6700439453125,6072300.0,1544.5279541015625
2017-01-18,1653.3299560546875,1626.6700439453125,1628.3299560546875,1633.3299560546875,5400900.0,1550.8515625
2017-01-19,1680.0,1630.0,1633.3299560546875,1670.0,5440500.0,1585.669677734375
2017-01-20,1676.6700439453125,1660.0,1670.0,1666.6700439453125,4795800.0,1582.508056640625
2017-01-23,1656.6700439453125,1636.6700439453125,1650.0,1638.3299560546875,3945300.0,1555.5989990234375
2017-01-24,1663.3299560546875,1633.3299560546875,1636.6700439453125,1658.3299560546875,4813200.0,1574.5892333984375
2017-01-25,1703.3299560546875,1666.6700439453125,1676.6700439453125,1680.0,4931400.0,1595.1649169921875
2017-01-26,1680.0,1650.0,1680.0,1656.6700439453125,5353200.0,1573.012939453125
2017-01-27,1665.0,1641.6700439453125,1665.0,1650.0,4829700.0,1566.6796875
2017-01-30,1658.3299560546875,1645.0,1646.6700439453125,1655.0,3467400.0,1571.42724609375
2017-01-31,1661.6700439453125,1640.0,1641.6700439453125,1648.3299560546875,3111600.0,1565.0941162109375
2017-02-01,1713.3299560546875,1643.3299560546875,1646.6700439453125,1706.6700439453125,6876900.0,1620.488037109375
2017-02-02,1723.3299560546875,1683.3299560546875,1720.0,1686.6700439453125,4296600.0,1601.4981689453125
2017-02-03,1726.6700439453125,1690.0,1693.3299560546875,1693.3299560546875,4209900.0,1607.8216552734375
2017-02-06,1720.0,1690.0,1700.0,1716.6700439453125,3389700.0,1629.9832763671875
2017-02-07,1710.0,1690.0,1706.6700439453125,1703.3299560546875,2440800.0,1617.3167724609375
2017-02-08,1730.0,1696.6700439453125,1713.3299560546875,1716.6700439453125,3144900.0,1629.9832763671875
2017-02-09,1723.3299560546875,1696.6700439453125,1710.0,1703.3299560546875,2836200.0,1617.3167724609375
2017-02-10,1733.3299560546875,1703.3299560546875,1720.0,1730.0,3801600.0,1642.6400146484375
2017-02-13,1736.6700439453125,1716.6700439453125,1733.3299560546875,1726.6700439453125,2639400.0,1639.478271484375
2017-02-14,1776.6700439453125,1736.6700439453125,1736.6700439453125,1746.6700439453125,5066700.0,1658.4681396484375
2017-02-15,1770.0,1713.3299560546875,1770.0,1740.0,5169300.0,1652.135009765625
2017-02-16,1756.6700439453125,1716.6700439453125,1733.3299560546875,1723.3299560546875,3144900.0,1636.3067626953125
2017-02-17,1773.3299560546875,1716.6700439453125,1716.6700439453125,1756.6700439453125,5684400.0,1667.9632568359375
2017-02-20,1780.0,1746.6700439453125,1746.6700439453125,1776.6700439453125,4483200.0,1686.953369140625
2017-02-21,1776.6700439453125,1756.6700439453125,1766.6700439453125,1776.6700439453125,2666400.0,1686.953369140625
2017-02-22,1813.3299560546875,1770.0,1776.6700439453125,1810.0,4995900.0,1718.6002197265625
2017-02-23,1820.0,1790.0,1806.6700439453125,1816.6700439453125,3704700.0,1724.9334716796875
2017-02-24,1833.3299560546875,1806.6700439453125,1813.3299560546875,1806.6700439453125,3212100.0,1715.4383544921875
2017-02-27,1826.6700439453125,1796.6700439453125,1803.3299560546875,1816.6700439453125,3797100.0,1724.9334716796875
2017-02-28,1873.3299560546875,1830.0,1833.3299560546875,1836.6700439453125,7748400.0,1743.923583984375
2017-03-01,1866.6700439453125,1830.0,1846.6700439453125,1850.0,4484700.0,1756.5804443359375
2017-03-02,1866.6700439453125,1823.3299560546875,1866.6700439453125,1830.0,5133300.0,1737.59033203125
2017-03-03,1843.3299560546875,1820.0,1833.3299560546875,1843.3299560546875,3566400.0,1750.2471923828125
2017-03-06,1840.0,1813.3299560546875,1836.6700439453125,1820.0,3220500.0,1728.09521484375
2017-03-07,1813.3299560546875,1776.6700439453125,1810.0,1793.3299560546875,5970900.0,1702.77197265625
2017-03-08,1816.6700439453125,1786.6700439453125,1790.0,1810.0,3638400.0,1718.6002197265625
2017-03-09,1830.0,1803.3299560546875,1823.3299560546875,1806.6700439453125,2287500.0,1715.4383544921875
2017-03-10,1896.6700439453125,1840.0,1866.6700439453125,1890.0,9792300.0,1794.560546875
2017-03-13,1970.0,1910.0,1923.3299560546875,1946.6700439453125,10072500.0,1848.3687744140625
2017-03-14,1926.6700439453125,1886.6700439453125,1926.6700439453125,1896.6700439453125,6912000.0,1800.8936767578125
2017-03-15,1910.0,1876.6700439453125,1876.6700439453125,1890.0,4205100.0,1794.560546875
2017-03-16,1883.3299560546875,1850.0,1876.6700439453125,1856.6700439453125,7371000.0,1762.91357421875
2017-03-17,1870.0,1820.0,1833.3299560546875,1856.6700439453125,8132400.0,1762.91357421875
2017-03-21,1876.6700439453125,1843.3299560546875,1843.3299560546875,1870.0,3329400.0,1775.5704345703125
2017-03-22,1906.6700439453125,1843.3299560546875,1843.3299560546875,1880.0,5351400.0,1785.0654296875
2017-03-23,1916.6700439453125,1876.6700439453125,1913.3299560546875,1883.3299560546875,3491100.0,1788.2271728515625
2017-03-24,1933.3299560546875,1883.3299560546875,1890.0,1890.0,4898700.0,1794.560546875
2017-03-27,1903.3299560546875,1876.6700439453125,1880.0,1883.3299560546875,3536100.0,1788.2271728515625
2017-03-28,1920.0,1893.3299560546875,1896.6700439453125,1916.6700439453125,4253400.0,1819.8836669921875
2017-03-29,1936.6700439453125,1903.3299560546875,1923.3299560546875,1933.3299560546875,3883800.0,1900.1417236328125
2017-03-30,1973.3299560546875,1916.6700439453125,1930.0,1943.3299560546875,5751900.0,1909.97021484375
2017-03-31,1950.0,1893.3299560546875,1933.3299560546875,1893.3299560546875,6402300.0,1860.82861328125
2017-04-03,1950.0,1916.6700439453125,1926.6700439453125,1936.6700439453125,3884400.0,1903.424560546875
2017-04-04,1983.3299560546875,1943.3299560546875,1950.0,1950.0,5231700.0,1916.5257568359375
2017-04-05,1966.6700439453125,1923.3299560546875,1963.3299560546875,1940.0,3731400.0,1906.6973876953125
2017-04-06,1940.0,1896.6700439453125,1933.3299560546875,1900.0,4893000.0,1867.384033203125
2017-04-07,1906.6700439453125,1870.0,1893.3299560546875,1893.3299560546875,8030400.0,1860.82861328125
2017-04-10,1930.0,1893.3299560546875,1913.3299560546875,1903.3299560546875,4233300.0,1870.6568603515625
2017-04-11,1900.0,1833.3299560546875,1880.0,1856.6700439453125,6413400.0,1824.7978515625
2017-04-12,1873.3299560546875,1833.3299560546875,1850.0,1863.3299560546875,4670400.0,1831.3433837890625
2017-04-13,1876.6700439453125,1846.6700439453125,1856.6700439453125,1846.6700439453125,4192500.0,1814.969482421875
2017-04-14,1870.0,1836.6700439453125,1836.6700439453125,1843.3299560546875,2839500.0,1811.6868896484375
2017-04-17,1870.0,1833.3299560546875,1833.3299560546875,1866.6700439453125,2635800.0,1834.626220703125
2017-04-18,1896.6700439453125,1846.6700439453125,1883.3299560546875,1863.3299560546875,3451500.0,1831.3433837890625
2017-04-19,1913.3299560546875,1876.6700439453125,1883.3299560546875,1900.0,4270500.0,1867.384033203125
2017-04-20,1943.3299560546875,1883.3299560546875,1933.3299560546875,1886.6700439453125,5572200.0,1854.2828369140625
2017-04-21,1883.3299560546875,1856.6700439453125,1870.0,1863.3299560546875,3761700.0,1831.3433837890625
2017-04-24,1896.6700439453125,1870.0,1880.0,1883.3299560546875,2759700.0,1851.0001220703125
2017-04-25,1880.0,1843.3299560546875,1866.6700439453125,1870.0,4956000.0,1837.89892578125
2017-04-26,1866.6700439453125,1846.6700439453125,1860.0,1856.6700439453125,5621700.0,1824.7978515625
2017-04-27,1860.0,1846.6700439453125,1856.6700439453125,1856.6700439453125,4907700.0,1824.7978515625
2017-04-28,1883.3299560546875,1853.3299560546875,1856.6700439453125,1876.6700439453125,4264200.0,1844.4544677734375
2017-05-01,1890.0,1863.3299560546875,1883.3299560546875,1873.3299560546875,1931400.0,1841.1717529296875
2017-05-02,1903.3299560546875,1883.3299560546875,1886.6700439453125,1890.0,2650200.0,1857.5557861328125
2017-05-08,1986.6700439453125,1930.0,1933.3299560546875,1986.6700439453125,8077200.0,1952.5662841796875
2017-05-09,2010.0,1960.0,2000.0,1970.0,4995600.0,1936.1822509765625
2017-05-10,2003.3299560546875,1966.6700439453125,1973.3299560546875,2000.0,3060600.0,1965.66748046875
2017-05-11,1996.6700439453125,1973.3299560546875,1996.6700439453125,1980.0,3997200.0,1946.0107421875
2017-05-12,1993.3299560546875,1960.0,1993.3299560546875,1986.6700439453125,4706100.0,1952.5662841796875
2017-05-15,2080.0,2013.3299560546875,2020.0,2036.6700439453125,8914500.0,2001.7078857421875
2017-05-16,2113.330078125,2050.0,2066.669921875,2063.330078125,6220800.0,2027.9102783203125
2017-05-17,2083.330078125,2043.3299560546875,2080.0,2060.0,2900100.0,2024.637451171875
2017-05-18,2083.330078125,2026.6700439453125,2026.6700439453125,2083.330078125,4540500.0,2047.56689453125
2017-05-19,2053.330078125,1910.0,2050.0,1916.6700439453125,22731000.0,1883.767822265625
2017-05-22,1906.6700439453125,1850.0,1860.0,1880.0,16527300.0,1847.727294921875
2017-05-23,1946.6700439453125,1896.6700439453125,1900.0,1926.6700439453125,9873900.0,1893.5963134765625
2017-05-24,1976.6700439453125,1943.3299560546875,1956.6700439453125,1960.0,6232200.0,1926.35400390625
2017-05-25,1970.0,1930.0,1966.6700439453125,1946.6700439453125,3116700.0,1913.2528076171875
2017-05-26,1940.0,1893.3299560546875,1936.6700439453125,1893.3299560546875,6503400.0,1860.82861328125
2017-05-29,1926.6700439453125,1900.0,1900.0,1916.6700439453125,3060600.0,1883.767822265625
2017-05-30,1943.3299560546875,1906.6700439453125,1926.6700439453125,1926.6700439453125,3477600.0,1893.5963134765625
2017-05-31,1963.3299560546875,1913.3299560546875,1916.6700439453125,1956.6700439453125,6124800.0,1923.081298828125
2017-06-01,1936.6700439453125,1906.6700439453125,1906.6700439453125,1930.0,7236600.0,1896.868896484375
2017-06-02,1970.0,1930.0,1940.0,1966.6700439453125,5947200.0,1932.9095458984375
2017-06-05,2010.0,1970.0,1970.0,2000.0,5567100.0,1965.66748046875
2017-06-06,2040.0,1996.6700439453125,2023.3299560546875,2023.3299560546875,5926500.0,1988.5968017578125
2017-06-07,2043.3299560546875,2013.3299560546875,2033.3299560546875,2040.0,5184300.0,2004.980712890625
2017-06-08,2066.669921875,2003.3299560546875,2050.0,2003.3299560546875,5644800.0,1968.940185546875
2017-06-09,2023.3299560546875,1993.3299560546875,2003.3299560546875,2003.3299560546875,5151600.0,1968.940185546875
2017-06-12,1993.3299560546875,1960.0,1983.3299560546875,1970.0,4924800.0,1936.1822509765625
2017-06-13,1970.0,1936.6700439453125,1946.6700439453125,1963.3299560546875,4095600.0,1929.6268310546875
2017-06-14,2000.0,1960.0,1973.3299560546875,1960.0,4302600.0,1926.35400390625
2017-06-15,2010.0,1940.0,1956.6700439453125,2003.3299560546875,4476000.0,1968.940185546875
2017-06-16,2040.0,2003.3299560546875,2033.3299560546875,2023.3299560546875,12139200.0,1988.5968017578125
2017-06-19,2073.330078125,2033.3299560546875,2040.0,2046.6700439453125,4026600.0,2011.5362548828125
2017-06-20,2063.330078125,2036.6700439453125,2060.0,2050.0,4174200.0,2014.80908203125
2017-06-21,2073.330078125,2030.0,2063.330078125,2046.6700439453125,5053200.0,2011.5362548828125
2017-06-22,2073.330078125,2043.3299560546875,2056.669921875,2063.330078125,2966700.0,2027.9102783203125
2017-06-23,2073.330078125,2043.3299560546875,2073.330078125,2056.669921875,2955000.0,2021.3643798828125
2017-06-26,2066.669921875,2050.0,2056.669921875,2060.0,1965300.0,2024.637451171875
2017-06-27,2070.0,2036.6700439453125,2066.669921875,2046.6700439453125,3746400.0,2011.5362548828125
2017-06-28,2022.0,1984.0,2020.0,2004.0,5752300.0,1969.5987548828125
2017-06-29,2007.0,1991.0,2004.0,1999.0,3746900.0,1964.6846923828125
2017-06-30,1993.0,1924.0,1990.0,1931.0,7575700.0,1897.851806640625
2017-07-03,1940.0,1915.0,1930.0,1933.0,5154800.0,1899.817626953125
2017-07-04,1942.0,1883.0,1942.0,1884.0,5709400.0,1851.65869140625
2017-07-05,1911.0,1871.0,1871.0,1910.0,3811300.0,1877.21240234375
2017-07-06,1933.0,1906.0,1928.0,1918.0,3652200.0,1885.0748291015625
2017-07-07,1928.0,1874.0,1928.0,1890.0,4957800.0,1857.5557861328125
2017-07-10,1912.0,1881.0,1890.0,1904.0,2704000.0,1871.3154296875
2017-07-11,1906.0,1883.0,1904.0,1894.0,4957800.0,1861.4869384765625
2017-07-12,1894.0,1851.0,1886.0,1851.0,5232600.0,1819.2252197265625
2017-07-13,1953.0,1875.0,1878.0,1945.0,7015500.0,1911.611572265625
2017-07-14,1954.0,1916.0,1954.0,1930.0,4043700.0,1896.868896484375
2017-07-17,1930.0,1930.0,1930.0,1930.0,0.0,1896.868896484375
2017-07-18,1928.0,1892.0,1915.0,1926.0,2813600.0,1892.9376220703125
2017-07-19,1990.0,1947.0,1957.0,1985.0,6452200.0,1950.9248046875
2017-07-20,2019.0,1985.0,1990.0,2010.0,5022000.0,1975.4957275390625
2017-07-21,2011.0,1980.0,2000.0,1985.0,2512800.0,1950.9248046875
2017-07-24,1985.0,1962.0,1976.0,1978.0,2279500.0,1944.0450439453125
2017-07-25,1999.0,1970.0,1997.0,1973.0,2203300.0,1939.130859375
2017-07-26,1979.0,1925.0,1979.0,1932.0,3060200.0,1898.834716796875
2017-07-27,1962.0,1933.0,1933.0,1944.0,1877700.0,1910.628662109375
2017-07-28,1948.0,1920.0,1938.0,1924.0,2304500.0,1890.971923828125
2017-07-31,1933.0,1909.0,1922.0,1909.0,2809200.0,1876.2294921875
2017-08-01,1937.0,1907.0,1910.0,1932.0,2819700.0,1898.834716796875
2017-08-02,1948.0,1917.0,1936.0,1924.0,3520100.0,1890.971923828125
2017-08-03,1947.0,1918.0,1925.0,1926.0,2543700.0,1892.9376220703125
2017-08-04,1934.0,1913.0,1920.0,1919.0,2240800.0,1886.0577392578125
2017-08-07,1942.0,1920.0,1940.0,1929.0,2563600.0,1895.8861083984375
2017-08-08,1951.0,1930.0,1932.0,1948.0,2210200.0,1914.56005859375
2017-08-09,1940.0,1887.0,1936.0,1909.0,3864400.0,1876.2294921875
2017-08-10,1934.0,1897.0,1898.0,1931.0,3443400.0,1897.851806640625
2017-08-11,1931.0,1931.0,1931.0,1931.0,0.0,1897.851806640625
2017-08-14,2038.0,1946.0,1950.0,2022.0,10244600.0,1987.289794921875
2017-08-15,2092.0,2042.0,2050.0,2083.0,7123900.0,2047.2425537109375
2017-08-16,2150.0,2078.0,2089.0,2144.0,6872500.0,2107.195556640625
2017-08-17,2165.0,2132.0,2139.0,2150.0,4235900.0,2113.092529296875
2017-08-18,2158.0,2131.0,2137.0,2136.0,3474500.0,2099.332763671875
2017-08-21,2179.0,2139.0,2145.0,2162.0,3835900.0,2124.88671875
2017-08-22,2163.0,2134.0,2143.0,2162.0,3519900.0,2124.88671875
2017-08-23,2193.0,2165.0,2170.0,2174.0,3357100.0,2136.680419921875
2017-08-24,2195.0,2159.0,2180.0,2162.0,4028800.0,2124.88671875
2017-08-25,2167.0,2145.0,2159.0,2158.0,2588000.0,2120.955078125
2017-08-28,2177.0,2153.0,2175.0,2168.0,2440900.0,2130.783447265625
2017-08-29,2197.0,2151.0,2158.0,2192.0,2997500.0,2154.37158203125
2017-08-30,2205.0,2184.0,2200.0,2187.0,2514900.0,2149.457275390625
2017-08-31,2193.0,2171.0,2184.0,2191.0,2816400.0,2153.388671875
2017-09-01,2200.0,2183.0,2193.0,2199.0,2063100.0,2161.251220703125
2017-09-04,2207.0,2178.0,2188.0,2192.0,3016400.0,2154.37158203125
2017-09-05,2220.0,2161.0,2197.0,2176.0,4823000.0,2138.64599609375
2017-09-06,2355.0,2271.0,2313.0,2345.0,22147300.0,2304.7451171875
2017-09-07,2398.0,2327.0,2355.0,2346.0,11021200.0,2305.72802734375
2017-09-08,2368.0,2311.0,2311.0,2356.0,7119000.0,2315.55615234375
2017-09-11,2411.0,2341.0,2360.0,2391.0,5935000.0,2349.955322265625
2017-09-12,2417.0,2375.0,2385.0,2404.0,5534000.0,2362.732421875
2017-09-13,2482.0,2409.0,2420.0,2453.0,7691800.0,2410.89111328125
2017-09-14,2490.0,2426.0,2444.0,2445.0,6697500.0,2403.0283203125
2017-09-15,2470.0,2407.0,2409.0,2458.0,7647300.0,2415.80517578125
2017-09-18,2458.0,2458.0,2458.0,2458.0,0.0,2415.80517578125
2017-09-19,2469.0,2420.0,2462.0,2460.0,9407300.0,2417.770751953125
2017-09-20,2446.0,2395.0,2435.0,2418.0,10381100.0,2376.491943359375
2017-09-21,2419.0,2384.0,2400.0,2410.0,9687700.0,2368.629150390625
2017-09-22,2448.0,2398.0,2409.0,2437.0,8202600.0,2395.165771484375
2017-09-25,2480.0,2428.0,2450.0,2458.0,6593300.0,2415.80517578125
2017-09-26,2484.0,2448.0,2458.0,2471.0,6324800.0,2428.58203125
2017-09-27,2478.0,2432.0,2456.0,2470.0,10317700.0,2438.4541015625
2017-09-28,2535.0,2479.0,2487.0,2505.0,20212300.0,2473.00732421875
2017-09-29,2505.0,2430.0,2505.0,2437.0,73827600.0,2405.875732421875
2017-10-02,2451.0,2407.0,2425.0,2450.0,12667400.0,2418.709716796875
2017-10-03,2470.0,2451.0,2455.0,2457.0,6144300.0,2425.620361328125
2017-10-04,2469.0,2430.0,2454.0,2467.0,6397800.0,2435.492431640625
2017-10-05,2492.0,2458.0,2462.0,2481.0,4588600.0,2449.31396484375
2017-10-06,2569.0,2468.0,2470.0,2543.0,8602300.0,2510.52197265625
2017-10-09,2543.0,2543.0,2543.0,2543.0,0.0,2510.52197265625
2017-10-10,2640.0,2537.0,2543.0,2636.0,10738400.0,2602.333984375
2017-10-11,2731.0,2627.0,2636.0,2712.0,12176800.0,2677.363525390625
2017-10-12,2773.0,2724.0,2736.0,2769.0,13065600.0,2733.635498046875
2017-10-13,2743.0,2660.0,2719.0,2715.0,10247600.0,2680.325439453125
2017-10-16,2751.0,2708.0,2714.0,2740.0,4185000.0,2705.005859375
2017-10-17,2730.0,2666.0,2730.0,2683.0,7343800.0,2648.73388671875
2017-10-18,2685.0,2645.0,2680.0,2650.0,6870900.0,2616.1552734375
2017-10-19,2673.0,2626.0,2630.0,2655.0,4740300.0,2621.091552734375
2017-10-20,2713.0,2626.0,2631.0,2709.0,5771400.0,2674.40185546875
2017-10-23,2725.0,2689.0,2697.0,2714.0,4586200.0,2679.338134765625
2017-10-24,2759.0,2720.0,2750.0,2742.0,4490600.0,2706.98046875
2017-10-25,2755.0,2715.0,2746.0,2741.0,4270900.0,2705.993408203125
2017-10-26,2754.0,2725.0,2733.0,2742.0,3343400.0,2706.98046875
2017-10-27,2790.0,2748.0,2789.0,2777.0,4666500.0,2741.533447265625
2017-10-30,2775.0,2745.0,2775.0,2759.0,11753400.0,2723.76318359375
2017-10-31,2787.5,2735.0,2787.0,2776.0,5431100.0,2740.546142578125
2017-11-01,2761.0,2731.5,2734.0,2748.0,7719300.0,2712.904052734375
2017-11-02,2756.5,2736.0,2750.0,2752.5,6309100.0,2717.346435546875
2017-11-03,2752.5,2752.5,2752.5,2752.5,0.0,2717.346435546875
2017-11-06,2756.5,2731.0,2756.5,2737.0,6160800.0,2702.044189453125
2017-11-07,2746.5,2728.5,2730.0,2743.0,6392700.0,2707.9677734375
2017-11-08,2746.5,2733.5,2740.0,2745.0,4351600.0,2709.942138671875
2017-11-09,2763.5,2681.5,2735.0,2725.5,8865500.0,2690.691162109375
2017-11-10,2729.0,2685.0,2686.5,2723.0,6739200.0,2688.22314453125
2017-11-13,2757.0,2708.5,2715.5,2739.0,4498800.0,2704.018798828125
2017-11-14,2770.0,2734.0,2770.0,2739.5,5144000.0,2704.5126953125
2017-11-15,2740.0,2601.0,2710.0,2634.0,11324500.0,2600.35986328125
2017-11-16,2695.5,2634.0,2641.0,2680.0,7349800.0,2645.7724609375
2017-11-17,2759.5,2665.0,2730.0,2678.5,6910300.0,2644.29150390625
2017-11-20,2684.0,2650.5,2678.0,2666.0,2964000.0,2631.950927734375
2017-11-21,2684.5,2635.0,2681.5,2642.0,5056500.0,2608.257568359375
2017-11-22,2665.0,2620.5,2662.0,2626.5,4830300.0,2592.95556640625
2017-11-23,2626.5,2626.5,2626.5,2626.5,0.0,2592.95556640625
2017-11-24,2642.0,2592.0,2619.0,2633.0,3702800.0,2599.372314453125
2017-11-27,2641.5,2594.0,2640.0,2614.5,3706300.0,2581.10888671875
2017-11-28,2647.5,2626.0,2626.0,2644.0,4150000.0,2610.232177734375
2017-11-29,2730.0,2660.0,2660.0,2681.5,5344200.0,2647.253173828125
2017-11-30,2680.0,2551.5,2657.0,2647.0,18087900.0,2613.19384765625
2017-12-01,2762.5,2657.5,2750.0,2673.0,8015200.0,2638.861572265625
2017-12-04,2707.5,2643.5,2705.5,2647.0,4719900.0,2613.19384765625
2017-12-05,2600.5,2541.0,2585.0,2572.5,6484700.0,2539.645263671875
2017-12-06,2634.0,2553.5,2590.0,2564.0,6100300.0,2531.25390625
2017-12-07,2624.0,2578.0,2587.0,2611.5,4313200.0,2578.147216796875
2017-12-08,2705.0,2624.5,2628.0,2701.5,8012800.0,2666.997802734375
2017-12-11,2711.5,2673.0,2683.5,2705.5,3409100.0,2670.94677734375
2017-12-12,2738.5,2706.5,2717.5,2734.0,3978500.0,2699.08251953125
2017-12-13,2754.0,2728.5,2730.5,2742.0,3385000.0,2706.98046875
2017-12-14,2761.5,2732.5,2739.0,2754.5,3358200.0,2719.321044921875
2017-12-15,2777.0,2699.5,2772.0,2750.0,5354200.0,2714.878173828125
2017-12-18,2822.5,2748.0,2767.5,2814.5,5456300.0,2778.554443359375
2017-12-19,2839.5,2813.0,2824.0,2815.0,3745200.0,2779.04833984375
2017-12-20,2789.0,2756.0,2769.0,2758.0,3566100.0,2722.776123046875
2017-12-21,2795.5,2736.5,2751.5,2793.0,2505800.0,2757.329345703125
2017-12-22,2827.5,2790.5,2820.0,2824.0,2617400.0,2787.933349609375
2017-12-25,2829.5,2794.0,2828.0,2822.5,1682300.0,2786.45263671875
2017-12-26,2869.5,2820.5,2830.0,2866.5,3390400.0,2829.890380859375
2017-12-27,2877.5,2830.5,2875.5,2841.0,2011100.0,2804.716064453125
2017-12-28,2847.0,2806.0,2836.0,2813.0,1553200.0,2777.07373046875
2017-12-29,2836.5,2796.0,2820.5,2800.0,1760700.0,2764.23974609375
2018-01-01,2800.0,2800.0,2800.0,2800.0,0.0,2764.23974609375
2018-01-02,2800.0,2800.0,2800.0,2800.0,0.0,2764.23974609375
2018-01-03,2800.0,2800.0,2800.0,2800.0,0.0,2764.23974609375
2018-01-04,2859.5,2807.0,2846.5,2836.0,4153000.0,2799.780029296875
2018-01-05,2843.0,2815.5,2836.5,2827.0,3186800.0,2790.89501953125
2018-01-08,2827.0,2827.0,2827.0,2827.0,0.0,2790.89501953125
2018-01-09,2855.0,2798.0,2855.0,2799.0,3403400.0,2763.25244140625
2018-01-10,2805.5,2777.0,2798.0,2783.0,2611200.0,2747.45654296875
2018-01-11,2809.5,2776.0,2785.0,2782.5,2866500.0,2746.96337890625
2018-01-12,2783.0,2746.0,2780.0,2752.0,3657600.0,2716.8525390625
2018-01-15,2816.5,2752.0,2752.0,2809.0,3127300.0,2773.124755859375
2018-01-16,2834.0,2790.0,2807.5,2815.0,2197700.0,2779.04833984375
2018-01-17,2829.5,2800.0,2820.0,2819.5,3974200.0,2783.49072265625
2018-01-18,2840.0,2764.0,2839.0,2771.5,4320600.0,2736.103759765625
2018-01-19,2820.0,2779.0,2782.0,2805.0,2345900.0,2769.17578125
2018-01-22,2811.0,2789.0,2806.0,2797.5,2256200.0,2761.771728515625
2018-01-23,2799.5,2766.0,2766.0,2789.0,5375400.0,2753.380126953125
2018-01-24,2803.0,2755.5,2778.5,2760.5,4797100.0,2725.243896484375
2018-01-25,2765.0,2710.5,2740.0,2745.0,3319900.0,2709.942138671875
2018-01-26,2813.0,2764.0,2775.5,2807.0,4683800.0,2771.150390625
2018-01-29,2836.0,2804.5,2820.0,2815.5,3999200.0,2779.541748046875
2018-01-30,2807.5,2720.5,2800.0,2724.5,3564100.0,2689.703857421875
2018-01-31,2722.5,2655.5,2714.0,2659.0,4250500.0,2625.04052734375
2018-02-01,2750.5,2662.5,2666.5,2748.5,3080200.0,2713.3974609375
2018-02-02,2728.0,2665.0,2710.5,2704.5,3408800.0,2669.95947265625
2018-02-05,2665.0,2594.5,2646.5,2600.0,3946300.0,2566.7939453125
2018-02-06,2514.5,2384.0,2470.0,2454.0,8030800.0,2422.65869140625
2018-02-07,2594.0,2470.5,2510.5,2473.0,6890900.0,2441.416015625
2018-02-08,2536.0,2488.5,2499.5,2514.5,4032300.0,2482.385986328125
2018-02-09,2449.5,2401.0,2406.5,2445.0,6600800.0,2413.773681640625
2018-02-12,2445.0,2445.0,2445.0,2445.0,0.0,2413.773681640625
2018-02-13,2488.5,2414.5,2473.5,2422.5,5152600.0,2391.56103515625
2018-02-14,2430.5,2370.0,2400.0,2388.0,4347300.0,2357.501708984375
2018-02-15,2569.5,2400.0,2488.0,2535.0,7090000.0,2502.6240234375
2018-02-16,2615.5,2536.0,2536.5,2574.5,4795100.0,2541.61962890625
2018-02-19,2678.5,2593.0,2610.0,2677.5,3105100.0,2643.303955078125
2018-02-20,2677.5,2624.0,2672.5,2651.5,3495500.0,2617.63623046875
2018-02-21,2677.5,2606.5,2633.5,2660.0,3903500.0,2626.02783203125
2018-02-22,2684.0,2615.0,2669.5,2629.5,3507400.0,2595.917236328125
2018-02-23,2655.0,2609.0,2631.5,2647.5,2512300.0,2613.6875
2018-02-26,2684.5,2652.5,2675.5,2667.5,2528700.0,2633.431884765625
2018-02-27,2687.0,2625.0,2684.0,2646.0,3073200.0,2612.206787109375
2018-02-28,2664.5,2588.5,2638.0,2592.0,3621100.0,2558.896240234375
2018-03-01,2568.0,2521.0,2558.5,2536.0,3138200.0,2503.611328125
2018-03-02,2483.5,2434.5,2450.0,2459.5,5167500.0,2428.08837890625
2018-03-05,2475.0,2440.0,2441.5,2462.0,3449600.0,2430.556640625
2018-03-06,2574.0,2516.5,2550.5,2517.5,4433800.0,2485.34765625
2018-03-07,2537.5,2488.5,2497.5,2517.0,4200900.0,2484.85400390625
2018-03-08,2547.0,2451.5,2542.5,2453.5,4708600.0,2422.1650390625
2018-03-09,2481.5,2419.0,2460.0,2425.0,8140900.0,2394.029052734375
2018-03-12,2477.0,2425.0,2465.0,2425.5,6465900.0,2394.5224609375
2018-03-13,2465.5,2428.0,2431.5,2462.0,5914100.0,2430.556640625
2018-03-14,2487.0,2439.0,2441.5,2478.0,4926600.0,2446.352294921875
2018-03-15,2516.0,2464.0,2468.5,2508.0,4188300.0,2475.968994140625
2018-03-16,2571.0,2528.0,2546.0,2555.0,6146900.0,2522.36865234375
2018-03-19,2539.0,2495.5,2504.5,2503.5,3886300.0,2471.526611328125
2018-03-20,2504.5,2455.0,2478.5,2496.5,3503300.0,2464.61572265625
2018-03-21,2496.5,2496.5,2496.5,2496.5,0.0,2464.61572265625
2018-03-22,2598.0,2543.5,2546.5,2593.0,5347800.0,2559.88330078125
2018-03-23,2524.5,2447.5,2500.0,2468.0,9512300.0,2436.47998046875
2018-03-26,2547.0,2450.5,2452.5,2543.5,5943900.0,2511.015625
2018-03-27,2614.0,2545.0,2579.0,2610.5,6619400.0,2577.159912109375
2018-03-28,2578.0,2472.0,2558.5,2492.0,6329900.0,2471.53466796875
2018-03-29,2626.0,2545.0,2549.5,2624.0,6217200.0,2602.450439453125
2018-03-30,2654.0,2611.0,2633.0,2644.5,4174200.0,2622.7822265625
2018-04-02,2681.5,2626.5,2643.0,2646.0,2324500.0,2624.27001953125
2018-04-03,2637.5,2590.5,2606.0,2616.0,3798700.0,2594.51611328125
2018-04-04,2642.5,2606.0,2629.5,2630.0,3512600.0,2608.4013671875
2018-04-05,2681.0,2630.0,2650.0,2667.5,3380500.0,2645.59326171875
2018-04-06,2689.0,2652.0,2662.0,2656.5,3810100.0,2634.683837890625
2018-04-09,2727.0,2667.5,2677.0,2708.0,3785900.0,2685.7607421875
2018-04-10,2717.0,2621.5,2710.0,2622.5,4345300.0,2600.962890625
2018-04-11,2600.5,2534.0,2599.0,2589.5,4925600.0,2568.23388671875
2018-04-12,2627.5,2571.5,2590.0,2598.0,3302500.0,2576.6640625
2018-04-13,2619.5,2523.0,2614.5,2525.5,4457500.0,2504.75927734375
2018-04-16,2596.5,2551.5,2567.5,2579.0,2611600.0,2557.820068359375
2018-04-17,2595.5,2568.0,2571.0,2573.5,3122400.0,2552.365234375
2018-04-18,2663.0,2582.0,2585.5,2655.5,3871700.0,2633.69189453125
2018-04-19,2692.5,2572.5,2684.0,2574.0,4803700.0,2552.861083984375
2018-04-20,2610.0,2567.5,2610.0,2572.0,3601700.0,2550.87744140625
2018-04-23,2593.5,2548.5,2570.5,2550.0,3018700.0,2529.05810546875
2018-04-24,2605.0,2558.5,2562.5,2598.5,3336400.0,2577.159912109375
2018-04-25,2580.0,2527.5,2571.0,2550.0,3043900.0,2529.05810546875
2018-04-26,2577.0,2534.0,2562.5,2547.0,2850200.0,2526.0830078125
2018-04-27,2583.0,2527.0,2578.5,2527.0,3295800.0,2506.2470703125
2018-04-30,2527.0,2527.0,2527.0,2527.0,0.0,2506.2470703125
2018-05-01,2577.5,2525.5,2530.5,2567.5,3153200.0,2546.41455078125
2018-05-02,2597.5,2558.0,2575.0,2593.0,2590600.0,2571.705078125
2018-05-03,2593.0,2593.0,2593.0,2593.0,0.0,2571.705078125
2018-05-04,2593.0,2593.0,2593.0,2593.0,0.0,2571.705078125
2018-05-07,2610.5,2579.0,2600.0,2605.0,2310900.0,2583.6064453125
2018-05-08,2642.0,2570.0,2595.0,2637.5,2783100.0,2615.83984375
2018-05-09,2731.5,2607.5,2650.0,2717.0,5415200.0,2694.686767578125
2018-05-10,2799.5,2759.0,2760.0,2771.0,4614300.0,2748.2431640625
2018-05-11,2808.5,2785.5,2800.0,2801.0,4379900.0,2777.996826171875
2018-05-14,2827.0,2787.5,2805.0,2815.0,3117400.0,2791.882080078125
2018-05-15,2849.5,2648.0,2807.5,2745.0,7986800.0,2722.456787109375
2018-05-16,2869.5,2750.0,2792.5,2865.0,7674000.0,2841.471435546875
2018-05-17,2900.0,2832.5,2880.0,2900.0,6112900.0,2876.183837890625
2018-05-18,2926.5,2880.5,2905.0,2897.0,4924900.0,2873.20849609375
2018-05-21,2946.5,2894.0,2900.5,2942.0,3948600.0,2917.8388671875
2018-05-22,2963.0,2909.5,2945.0,2913.5,4019700.0,2889.572998046875
2018-05-23,3006.0,2925.5,2950.0,2993.5,7158000.0,2968.916015625
2018-05-24,3007.0,2981.5,2993.0,3001.0,4325000.0,2976.354248046875
2018-05-25,3059.0,2992.0,3005.0,3032.0,4212500.0,3007.099853515625
2018-05-28,3062.0,3002.0,3032.0,3019.0,3276800.0,2994.20654296875
2018-05-29,3011.0,2954.0,3002.0,2978.0,4485600.0,2953.54345703125
2018-05-30,2959.5,2913.0,2931.5,2938.5,4311900.0,2914.36767578125
2018-05-31,3036.0,2941.5,2988.5,3030.0,10161800.0,3005.116455078125
2018-06-01,3069.0,3003.0,3022.0,3035.0,4618800.0,3010.0751953125
2018-06-04,3050.0,3002.0,3044.0,3020.0,2915400.0,2995.1982421875
2018-06-05,3049.0,3005.0,3049.0,3016.0,2999600.0,2991.231201171875
2018-06-06,3012.0,2961.5,3012.0,2983.0,3849100.0,2958.502197265625
2018-06-07,3034.0,2971.0,3011.0,2989.0,3879500.0,2964.452880859375
2018-06-08,3027.0,2963.5,2973.5,3009.0,4637800.0,2984.288818359375
2018-06-11,3069.0,3012.0,3020.0,3056.0,2856100.0,3030.90283203125
2018-06-12,3138.0,3081.0,3099.0,3124.0,4689500.0,3098.34423828125
2018-06-13,3191.0,3126.0,3130.0,3187.0,4011400.0,3160.826904296875
2018-06-14,3215.0,3167.0,3197.0,3173.0,4048000.0,3146.94189453125
2018-06-15,3193.0,3133.0,3173.0,3182.0,3095600.0,3155.8681640625
2018-06-18,3184.0,3144.0,3154.0,3179.0,2102700.0,3152.892578125
2018-06-19,3182.0,3088.0,3140.0,3088.0,3734900.0,3062.639892578125
2018-06-20,3138.0,3087.0,3119.0,3132.0,2987700.0,3106.27880859375
2018-06-21,3223.0,3134.0,3147.0,3205.0,3482300.0,3178.678955078125
2018-06-22,3214.0,3178.0,3204.0,3187.0,3831600.0,3160.826904296875
2018-06-25,3197.0,3137.0,3196.0,3146.0,2356900.0,3120.16357421875
2018-06-26,3117.0,3057.0,3107.0,3068.0,3881700.0,3042.80419921875
2018-06-27,3109.0,3045.0,3057.0,3060.0,3703300.0,3034.869873046875
2018-06-28,3086.0,3022.0,3046.0,3071.0,3646600.0,3045.779541015625
2018-06-29,3083.0,3027.0,3075.0,3066.0,3071500.0,3040.820556640625
2018-07-02,3105.0,3019.0,3066.0,3029.0,3193400.0,3004.12451171875
2018-07-03,3137.0,3037.0,3059.0,3086.0,4197600.0,3060.65625
2018-07-04,3025.0,2932.5,2981.0,3007.0,4725300.0,2982.30517578125
2018-07-05,3063.0,2996.5,3020.0,3042.0,4428900.0,3017.017822265625
2018-07-06,3017.0,2955.0,3010.0,2996.5,4466600.0,2971.891357421875
2018-07-09,3054.0,2981.5,3019.0,3050.0,2735500.0,3024.951904296875
2018-07-10,3115.0,3051.0,3064.0,3093.0,3760700.0,3067.598876953125
2018-07-11,3052.0,2912.5,3000.0,2950.5,5917100.0,2926.269287109375
2018-07-12,3038.0,2970.5,2996.0,2978.0,3785500.0,2953.54345703125
2018-07-13,3138.0,3013.0,3028.0,3127.0,4374300.0,3101.319580078125
2018-07-16,3127.0,3127.0,3127.0,3127.0,0.0,3101.319580078125
2018-07-17,3194.0,3135.0,3151.0,3179.0,2893000.0,3152.892578125
2018-07-18,3199.0,3144.0,3195.0,3151.0,2292400.0,3125.12255859375
2018-07-19,3231.0,3144.0,3148.0,3207.0,4482400.0,3180.66259765625
2018-07-20,3224.0,3150.0,3194.0,3200.0,3158500.0,3173.719970703125
2018-07-23,3192.0,3142.0,3150.0,3155.0,2771000.0,3129.089599609375
2018-07-24,3178.0,3125.0,3173.0,3139.0,2414000.0,3113.220947265625
2018-07-25,3185.0,3148.0,3163.0,3164.0,1961600.0,3138.015869140625
2018-07-26,3210.0,3158.0,3195.0,3166.0,2701300.0,3139.99951171875
2018-07-27,3205.0,3164.0,3184.0,3205.0,1578000.0,3178.678955078125
2018-07-30,3159.0,3093.0,3150.0,3095.0,2609900.0,3069.58251953125
2018-07-31,3071.0,3002.0,3051.0,3055.0,4422600.0,3029.910888671875
2018-08-01,3104.0,3061.0,3072.0,3080.0,3166200.0,3054.705810546875
2018-08-02,3148.0,3093.0,3100.0,3101.0,2623200.0,3075.532958984375
2018-08-03,3136.0,3078.0,3100.0,3101.0,2275100.0,3075.532958984375
2018-08-06,3108.0,3058.0,3070.0,3074.0,1742300.0,3048.7548828125
2018-08-07,3117.0,3084.0,3106.0,3106.0,1954700.0,3080.4921875
2018-08-08,3125.0,3052.0,3082.0,3056.0,2481700.0,3030.90283203125
2018-08-09,3091.0,3030.0,3050.0,3078.0,2194500.0,3052.72216796875
2018-08-10,3100.0,3028.0,3100.0,3035.0,4162300.0,3010.0751953125
2018-08-13,3355.0,3184.0,3186.0,3213.0,10521200.0,3186.613525390625
2018-08-14,3254.0,3126.0,3245.0,3254.0,4937100.0,3227.276611328125
2018-08-15,3304.0,3207.0,3250.0,3303.0,4099600.0,3275.874267578125
2018-08-16,3329.0,3260.0,3305.0,3290.0,5434000.0,3262.98095703125
2018-08-17,3345.0,3278.0,3303.0,3278.0,3398100.0,3251.07958984375
2018-08-20,3307.0,3227.0,3300.0,3253.0,2486200.0,3226.284912109375
2018-08-21,3262.0,3205.0,3225.0,3221.0,3360700.0,3194.547607421875
2018-08-22,3293.0,3229.0,3233.0,3290.0,2993900.0,3262.98095703125
2018-08-23,3336.0,3278.0,3300.0,3328.0,3840600.0,3300.6689453125
2018-08-24,3440.0,3331.0,3344.0,3433.0,4042400.0,3404.806640625
2018-08-27,3469.0,3421.0,3445.0,3457.0,3052800.0,3428.609619140625
2018-08-28,3484.0,3430.0,3483.0,3430.0,3718800.0,3401.831298828125
2018-08-29,3455.0,3395.0,3432.0,3399.0,3474600.0,3371.0859375
2018-08-30,3430.0,3342.0,3419.0,3380.0,19936200.0,3352.241943359375
2018-08-31,3396.0,3358.0,3378.0,3387.0,4037600.0,3359.184326171875
2018-09-03,3411.0,3324.0,3368.0,3396.0,2560400.0,3368.110595703125
2018-09-04,3454.0,3385.0,3420.0,3391.0,3529000.0,3363.151611328125
2018-09-05,3426.0,3354.0,3379.0,3410.0,3068000.0,3381.99560546875
2018-09-06,3421.0,3374.0,3384.0,3410.0,2798500.0,3381.99560546875
2018-09-07,3429.0,3380.0,3401.0,3411.0,2441100.0,3382.9873046875
2018-09-10,3424.0,3369.0,3380.0,3415.0,2517400.0,3386.95458984375
2018-09-11,3519.0,3439.0,3465.0,3510.0,4745700.0,3481.17431640625
2018-09-12,3530.0,3469.0,3510.0,3517.0,4484900.0,3488.116943359375
2018-09-13,3573.0,3491.0,3520.0,3500.0,4800100.0,3471.256591796875
2018-09-14,3616.0,3501.0,3528.0,3540.0,7942900.0,3510.927978515625
2018-09-17,3540.0,3540.0,3540.0,3540.0,0.0,3510.927978515625
2018-09-18,3533.0,3463.0,3531.0,3468.0,6976400.0,3439.51904296875
2018-09-19,3680.0,3570.0,3580.0,3665.0,7125300.0,3634.9013671875
2018-09-20,3709.0,3647.0,3680.0,3690.0,6035900.0,3659.696044921875
2018-09-21,3748.0,3658.0,3693.0,3685.0,11240900.0,3654.737060546875
2018-09-24,3685.0,3685.0,3685.0,3685.0,0.0,3654.737060546875
2018-09-25,3798.0,3712.0,3735.0,3793.0,6750100.0,3761.85009765625
2018-09-26,3839.0,3781.0,3812.0,3817.0,5460000.0,3799.175048828125
2018-09-27,3778.0,3681.0,3730.0,3685.0,5708300.0,3667.79150390625
2018-09-28,3815.0,3743.0,3771.0,3792.0,5970000.0,3774.291748046875
2018-10-01,3845.0,3776.0,3795.0,3826.0,3528000.0,3808.133056640625
2018-10-02,3840.0,3751.0,3840.0,3751.0,4490500.0,3733.483154296875
2018-10-03,3791.0,3736.0,3756.0,3746.0,3883300.0,3728.506591796875
2018-10-04,3777.0,3671.0,3770.0,3687.0,4541300.0,3669.781982421875
2018-10-05,3717.0,3671.0,3683.0,3694.0,3409800.0,3676.749267578125
2018-10-08,3694.0,3694.0,3694.0,3694.0,0.0,3676.749267578125
2018-10-09,3655.0,3593.0,3655.0,3637.0,5013800.0,3620.015625
2018-10-10,3683.0,3588.0,3670.0,3620.0,3837400.0,3603.094970703125
2018-10-11,3545.0,3425.0,3512.0,3440.0,7069900.0,3423.935546875
2018-10-12,3502.0,3379.0,3385.0,3469.0,6257900.0,3452.800048828125
2018-10-15,3480.0,3405.0,3432.0,3410.0,4074300.0,3394.07568359375
2018-10-16,3392.0,3303.0,3374.0,3335.0,5085700.0,3319.42578125
2018-10-17,3398.0,3343.0,3362.0,3380.0,4705100.0,3364.2158203125
2018-10-18,3433.0,3303.0,3418.0,3321.0,3814800.0,3305.4912109375
2018-10-19,3314.0,3240.0,3253.0,3308.0,3897400.0,3292.552001953125
2018-10-22,3329.0,3240.0,3298.0,3311.0,2554600.0,3295.537841796875
2018-10-23,3295.0,3206.0,3295.0,3213.0,4240300.0,3197.99560546875
2018-10-24,3251.0,3147.0,3215.0,3191.0,4920000.0,3176.098388671875
2018-10-25,3107.0,2968.5,3090.0,2996.5,8737000.0,2982.506591796875
2018-10-26,3025.0,2835.0,3000.0,2846.5,10389600.0,2833.20703125
2018-10-29,2868.5,2697.5,2846.0,2701.5,7720900.0,2688.88427734375
2018-10-30,2893.5,2688.5,2698.0,2870.0,14675500.0,2856.597412109375
2018-10-31,3040.0,2926.5,2966.5,3037.0,10843200.0,3022.8173828125
2018-11-01,3103.0,2959.0,3086.0,2984.0,6277200.0,2970.06494140625
2018-11-02,3093.0,2984.0,3000.0,3087.0,5955400.0,3072.583984375
2018-11-05,3069.0,2974.0,3042.0,2992.0,4205100.0,2978.027587890625
2018-11-06,3019.0,2988.5,2994.5,3010.0,3291300.0,2995.943603515625
2018-11-07,3046.0,2998.0,3029.0,3016.0,4075700.0,3001.91552734375
2018-11-08,3202.0,3125.0,3156.0,3188.0,6401700.0,3173.1123046875
2018-11-09,3224.0,3057.0,3210.0,3062.0,5270200.0,3047.70068359375
2018-11-12,3097.0,3018.0,3053.0,3028.0,3387300.0,3013.859619140625
2018-11-13,3003.0,2893.0,2937.0,2957.5,5647400.0,2943.688720703125
2018-11-14,3117.0,2831.0,3105.0,2866.0,8944700.0,2852.615966796875
2018-11-15,3024.0,2907.0,2916.0,3022.0,6291700.0,3007.887451171875
2018-11-16,3077.0,2984.5,3050.0,3021.0,4439300.0,3006.892333984375
2018-11-19,3077.0,2975.0,2991.0,3066.0,2875700.0,3051.68212890625
2018-11-20,2995.5,2880.0,2994.0,2884.0,4905000.0,2870.531982421875
2018-11-21,2876.0,2739.0,2740.0,2861.5,5251400.0,2848.136962890625
2018-11-22,2930.0,2857.0,2881.0,2921.0,2991700.0,2907.359130859375
2018-11-23,2921.0,2921.0,2921.0,2921.0,0.0,2907.359130859375
2018-11-26,2909.0,2837.5,2903.5,2837.5,4916000.0,2824.2490234375
2018-11-27,2884.0,2785.5,2870.5,2795.0,4252100.0,2781.947509765625
2018-11-28,2943.0,2844.0,2859.5,2938.0,6393100.0,2924.27978515625
2018-11-29,3126.0,3013.0,3014.0,3083.0,6779300.0,3068.602783203125
2018-11-30,3136.0,3050.0,3060.0,3123.0,7563700.0,3108.415771484375
2018-12-03,3246.0,3123.0,3200.0,3242.0,5551000.0,3226.860107421875
2018-12-04,3220.0,3078.0,3200.0,3078.0,6250400.0,3063.6259765625
2018-12-05,3141.0,3018.0,3022.0,3092.0,3801800.0,3077.560546875
2018-12-06,3077.0,2983.0,3072.0,3007.0,4857300.0,2992.95751953125
2018-12-07,3105.0,3031.0,3035.0,3082.0,3970000.0,3067.607421875
2018-12-10,3032.0,2951.0,2951.0,2995.0,4596200.0,2981.013671875
2018-12-11,3064.0,2991.5,3028.0,3008.0,4690900.0,2993.952880859375
2018-12-12,3133.0,3047.0,3056.0,3110.0,4883200.0,3095.4765625
2018-12-13,3158.0,3064.0,3150.0,3119.0,3345100.0,3104.4345703125
2018-12-14,3117.0,3017.0,3093.0,3017.0,6797300.0,3002.910888671875
2018-12-17,3023.0,2952.0,3019.0,2991.5,2899600.0,2977.530029296875
2018-12-18,2903.5,2780.0,2897.0,2787.0,6783400.0,2773.98486328125
2018-12-19,2769.0,2694.5,2756.5,2757.0,8221700.0,2744.125
2018-12-20,2785.5,2680.5,2701.0,2704.0,7484200.0,2691.37255859375
2018-12-21,2736.0,2653.5,2729.5,2705.0,8835900.0,2692.367919921875
2018-12-24,2705.0,2705.0,2705.0,2705.0,0.0,2692.367919921875
2018-12-25,2598.5,2530.0,2584.5,2541.5,5615100.0,2529.63134765625
2018-12-26,2628.5,2527.5,2574.5,2598.0,5155900.0,2585.86767578125
2018-12-27,2784.5,2701.0,2748.0,2759.5,5599100.0,2746.61328125
2018-12-28,2691.5,2606.5,2671.0,2662.5,7169500.0,2650.06640625
2018-12-31,2662.5,2662.5,2662.5,2662.5,0.0,2650.06640625
